Afferenet,animal,cell,treatment,treatment_text,treatment_class,Cancer,Chemotherapy,note,#NAME?,autoClass,manualClass,Trial#,TrigStart.R,ms.F,Dyn.pfr,Stat.mSfr,Stat.afr,Stat.HzSTD,Stat.HzEnd,Dyn.IB,Thr.T,Thr.F,Thr.L,Stat.LSpkT,Stat.LSpkF,Dyn.spkNum,Stat.spkNum,Dyn.DI,Dyn.slp,Stat.slp,,TrigStart.Tri,ms.F1,Dyn.F,Dyn.pfr1,Dyn.pfr3,Thr.T1,Thr.F1,Thr.L1,Thr.T3,Thr.F3,Thr.L3,Dyn.slp1,Dyn.slp3,Dyn.spkNum1,Dyn.spkNum3,Dyn.RDR,Dyn.IFRdrop
A17024-17-23 aff 1,A17024-17-23,aff 1,1,WT,WT_Ia,0,0,,,Ia,,,83.16,30.00333333,172.7316667,84.58933333,93.556,34.86966667,77.84566667,297,10.44933333,15.49333333,0.1214,996.112,116.4205837,16.66666667,87,88.10666667,866.3173333,-36.6545,,201.084,12.170662,143.906367,118.371212,20.79175,123,21.910206,0.830512,338.672,29.874081,1.325507,81.693094,11.808847,22,13,9,51.404657
A17024-17-23 aff 2,A17024-17-23,aff 2,1,WT,WT_Ia,0,0,,,Ia,,,39.0705,11.9379445,233.4612368,94.64823475,107.8990075,37.21132525,80.78415475,297.619048,3.2,6.29043475,0.0515235,929.134,107.181673,21.25,97.5,138.8130023,766.847599,-77.8696515,,197.136,11.779471,135.534382,172.176309,164.041995,7.54,3.441776,0.028261,142.112,8.604816,0.547441,133.976121,201.485584,87,66,21,96.74015
A17024-18-42-cell 1,A17024-18-42,-cell 1,1,WT,WT_Ia,0,0,,,Ia,,,44.1265,12.2932875,237.281175,63.99854,83.981515,47.14326,45.8542225,347.2222,4.75,8.4553365,0.08251625,996.56,89.2250125,17.5,67.25,173.282625,1322.48575,-106.906,,150.571,31.85679,332.0945,210.9705,205.7613,5.52,3.985376,0.025313,242.26,32.13227,0.950602,204.8554,355.3668,100,65,35,83.47017
A17024-18-53-cell 7,A17024-18-53,-cell 7,1,WT,WT_Ia,0,0,,,Ia,,,66.2205,11.01755,180.514925,65.0928425,73.4954925,27.028165,56.78644,333.3333,18.26,14.3177355,0.15985425,999.15,137.0491,15.5,65.75,115.42205,1369.686,-54.97445,,181.039,21.43978,225.8272,133.3333,136.612,79.86,12.65174,0.269218,282.64,29.99421,1.087273,156.329,234.9127,58,39,19,83.15845
A17024-18-53-cell 9,A17024-18-53,-cell 9,1,WT,WT_Ia,0,0,,,Ia,,,61.3905,16.2722375,200.087325,76.7061925,88.547455,30.0318475,68.76869,347.373,5.33,8.648091,0.0853075,991.44,115.13478,14.5,80.25,123.38115,1249.493,-67.4434,,143.812,19.25871,333.9081,175.4386,165.0165,7.74,6.322265,0.026033,253.9,32.97961,0.982961,169.5499,291.5693,82,53,29,41.35338
A17024-18-60-cell 18,A17024-18-60,-cell 18,1,WT,WT_Ia,0,0,,,Ia,,,57.7815,20.762655,191.833,103.723775,112.99625,22.83,98.218495,260.4167,3.74,8.03080175,0.0717815,997.875,132.591075,23,108.25,88.10923,229.929425,-34.42325,,6.351,15.92768,127.5083,155.7632,160.2564,5.44,1.704457,0.011721,174.92,8.473547,0.662939,69.09091,156.8846,99,69,30,99.04885
A17024-18-60-cell 21,A17024-18-60,-cell 21,1,WT,WT_Ia,0,0,,,Ia,,,62.8955,21.2391625,191.968625,75.50437,85.1855775,31.1067675,56.6864425,235.800325,3.885,6.08218475,0.04084,999.385,136.29325,22.5,75.25,116.464275,212.4543,-63.753375,,165.817,21.3503,229.5699,147.4926,141.2429,6.26,5.523,0.005713,88.72,7.834921,0.330671,61.76136,160.5452,92,56,36,139.5687
A17024-18-60-cell 22,A17024-18-60,-cell 22,1,WT,WT_Ia,0,0,,,Ia,,,50.5755,17.7702875,256.44065,125.37825,134.071825,29.4409275,108.8544375,292.7062,3.68,8.44861275,0.065476,1000.515,113.38355,27,126.5,131.06235,788.77755,-74.8438,,8.187,9.62012,91.05283,191.5709,183.1502,6.4,2.439167,0.03735,220.22,11.20789,0.835059,154.1152,274.7997,93,60,33,120.1094
A17024-18-60-cell 24,A17024-18-60,-cell 24,1,WT,WT_Ia,0,0,,,Ia,,,41.5735,12.411275,233.95,91.199435,108.031985,24.2907625,97.0524425,216.4502,6.6,15.0707725,0.141433,1000.7,91.8934475,18.5,100.75,142.750575,1553.87225,-42.506625,,9.85,11.86336,105.4259,163.3987,158.7302,59.28,8.076728,0.265591,290.44,17.7072,1.130809,196.5743,278.9319,72,47,25,99.31549
A17024-18-65-cell 7,A17024-18-65,-cell 7,1,WT,WT_Ia,0,0,,,Ia,,,89.3445,12.065502,261.547025,81.9812375,95.22142,38.09582,71.52112,256.17115,4.46,10.87221075,0.0999805,997.38,221.5876,20,84.25,179.565775,1231.29625,-79.8918,,204.937,11.23321,124.0714,116.5501,111.8568,23.04,9.93606,0.097353,336.34,27.05666,1.328563,139.2022,254.8035,43,25,18,110.1659
A17024-18-65-cell 12,A17024-18-65,-cell 12,1,WT,WT_Ia,0,0,,,Ia,,,46.7115,11.49304475,74.94884,49.3935275,50.8231825,6.28264325,45.8264825,224.8397667,3.665,6.72237425,0.07171125,997.56,86.7674375,10,49.25,25.5553125,638.16525,-14.392875,,169.563,19.64228,192.1227,70.62147,65.10417,4.66,2.580571,0.0203,23,8,0.051526,2.415821,51.28116,52,36,16,26.20097
A17024-17-04 -cell 1,A17024-17-04,-cell 1,2,OX,OX_Ia,0,1,,,Ia,,,225.8295,11.080597,175.2413,70.23555333,75.84284667,20.73274,58.79783667,0,9.208,18.30106,0.218758,997.796,285.0203333,15,70.33333333,105.0057067,905.5894,-44.7927,,130.4975,29.903831,285.070515,119.731801,115.740741,103.112,21.653925,0.407418,381.972,63.974778,1.445626,158.622764,270.961074,46,29,17,117.445739
A17024-17-04 -cell 10,A17024-17-04,-cell 10,2,OX,OX_Ia,0,1,,,Ia,,,34.7258,11.180316,200.9196023,85.69330025,93.37094525,25.00831925,76.60399125,0,31.868,22.78,0.536001667,1000.108,102.4240925,13,87.25,115.226302,1831.64139,-53.98515075,,218.8514,10.115619,137.914026,127.811861,121.832359,192.764,25.97505,0.737821,372.888,41.05243,1.415998,193.645936,258.100303,44,26,18,67.508711
A17024-17-04 -cell 15,A17024-17-04,-cell 15,2,OX,OX_Ia,0,1,,,Ia,,,38.7689,13.5582765,259.3982283,119.8815873,127.2178598,23.446319,103.8417748,261.6770943,2.136,9.01661725,0.09310425,999.124,118.6835895,27,122.5,139.5166413,502.2443668,-58.7210585,,209.7731,11.141913,140.546525,206.270627,198.412698,43.496,12.414509,0.182141,153.348,14.721249,0.578183,164.796347,218.169431,104,83,21,119.04384
A17024-17-04 -cell 4,A17024-17-04,-cell 4,2,OX,OX_Ia,0,1,,,Ia,,,35.1064,11.3850265,182.0173015,64.954889,74.753821,25.80211175,55.162561,468.2239055,6.052,11.54693525,0.1478135,999.704,110.6352718,15.5,67.75,117.062413,1139.852307,-61.51864875,,134.5414,31.221918,263.164711,160.25641,152.068127,4.14,3.423284,0.024719,206.008,26.672836,0.776291,148.120981,222.996057,79,52,27,71.165277
A17024-17-04 -cell 9,A17024-17-04,-cell 9,2,OX,OX_Ia,0,1,manually corrected from end of record,,Ia,,,31.4476,11.6288375,162.6039328,30.26586975,55.62513925,41.42622525,0.22244725,236,26.77,21.69,0.445,731.804,108.3010038,10.5,24.75,132.338063,1679.835996,-153.335518,,214.0537,11.31816,132.026315,89.031339,84.688347,296.016,32.839565,1.132955,458.86,49.852871,1.74468,151.985628,217.677083,36,18,18,87.812191
A17024-17-08 -cell 10,A17024-17-08,-cell 10,2,OX,OX_Ia,0,1,,,Ia,,,41.8863,10.3072905,193.4176713,92.297893,96.33112325,20.6806525,78.0022725,0,20.828,17.270004,0.3447945,995.388,99.633313,18,91.75,101.1197775,1294.292724,-48.40499625,,201.086,10.265924,127.261937,137.969095,136.165577,147.86,17.162113,0.566485,341.52,31.068681,1.29288,150.515827,233.061488,61,40,21,136.12178
A17024-17-08 -cell 11,A17024-17-08,-cell 11,2,OX,OX_Ia,0,1,,,Ia,,,37.2389,10.042378,198.0603145,77.0370845,91.01381125,41.045863,65.46020425,0,15.368,12.3581905,0.238057,997.108,104.9588773,13.5,80.75,121.0232298,1637.236006,-68.40092725,,213.7593,10.965689,141.601563,132.696391,123.274162,303.568,34.53045,1.1629,445.82,49.873041,1.684064,211.343628,311.934023,38,18,20,81.943246
A17024-17-08 -cell 7,A17024-17-08,-cell 7,2,OX,OX_Ia,0,1,,,Ia,,,34.6691,11.96510875,186.5183168,45.30856075,60.51182025,37.048926,35.5683905,182,14.976,15.2704975,0.28164625,983.092,109.7036918,13.75,48,141.209756,1508.624298,-81.889887,,225.4197,10.597925,127.884638,119.047619,113.224638,157.888,17.573432,0.609912,402.572,38.190479,1.524371,158.211772,272.688669,40,22,18,112.339619
A17024-17-08 -cell 9,A17024-17-08,-cell 9,2,OX,OX_Ia,0,1,,,Ia,,,48.6603,10.5224135,207.342437,81.022769,89.57201475,29.67614225,59.41719425,369.848232,3.356,8.65770275,0.117978,994.68,107.134232,20.75,80.5,126.319668,834.1916715,-74.535981,,217.497,10.120525,127.322245,164.041995,147.754137,22.828,8.843245,0.101308,264.44,22.309486,0.997457,137.231403,227.962368,78,48,30,156.81779
A17024-18-55-cell 6,A17024-18-55,-cell 6,2,OX,OX_Ia,0,1,,,Ia,,,55.4715,13.8074785,158.1945,28.2866265,69.76046,33.749755,14.3406475,406.5041,7.91,10.381152,0.15324825,609.225,94.30711,13.5,36.25,129.907875,1010.269875,-157.653775,,273.322,11.45306,119.4724,129.199,121.6545,45.66,11.0009,0.185622,204.64,16.77773,0.793595,154.1698,237.8493,52,29,23,98.78534
A17024-18-55-cell 10,A17024-18-55,-cell 10,2,OX,OX_Ia,0,1,,,Ia,,,45.6645,11.556305,221.607525,72.204505,89.0623175,34.62806,16.96506525,228.3105,17.12,13.5848875,0.33180725,735.165,91.9816975,17.75,57,149.40305,1626.818575,-115.978025,,166.322,10.37012,186.5557,173.6111,166.6667,213.62,29.08202,0.857888,364.98,44.29867,1.425169,158.227,205.9432,76,52,24,169.1403
A17024-18-55-cell 13,A17024-18-55,-cell 13,2,OX,OX_Ia,0,1,,,Ia,,,262.799,18.8642225,167.929325,0.204284,85.69581,52.65686,0.204284,0,26.83841325,24.275185,0.423072,346.995,120.49715,12,14.75,167.72505,1883.85975,-227.35925,,285.413,20.6364,196.9727,126.2626,119.0476,239.9,34.04834,0.972854,434.76,59.72017,1.715939,183.1307,227.442,45,28,17,116.5129
A17024-18-55-cell 14,A17024-18-55,-cell 14,2,OX,OX_Ia,0,1,,,Ia,,,65.39,15.19125333,185.4676333,67.52826,78.84192333,29.9322,53.81737333,0,4.98,9.234097,0.086628667,992.94,98.59345667,16.33333333,69.33333333,117.9393667,308.3020667,-70.935,,22.953,10.79061,119.5879,140.056,132.2751,18.94,6.764412,0.083387,374.18,32.64361,1.486863,103.6786,237.3432,72,44,28,94.76617
A17024-18-55-cell 15,A17024-18-55,-cell 15,2,OX,OX_Ia,0,1,,,Ia,,,95.008,10.54670525,175.92495,74.3273075,79.51902,22.1450125,64.3611475,200.8032,11.35,12.09316025,0.2092855,1000.85,75.0491475,16.5,74,101.597625,1037.17175,-47.85585,,9.28,10.54336,95.20351,142.4501,133.3333,40.02,6.908767,0.11577,383.56,26.30065,1.500752,117.0868,215.4593,74,38,36,140.3377
A17024-18-55-cell 18,A17024-18-55,-cell 18,2,OX,OX_Ia,0,1,,,Ia,,,58.866,12.36048667,194.93845,82.94505667,90.29523667,25.11092333,72.26008333,259.74025,7.24,12.20946,0.133679333,1002.7,87.64412,16.66666667,81.66666667,47.0139,737.6530333,-55.03886667,,8.234,10.91471,100.3313,138.8889,130.2083,17.54,6.07167,0.082234,342.78,24.42552,1.364417,146.2917,222.074,64,38,26,73.01274
A17024-18-55-cell 19,A17024-18-55,-cell 19,2,OX,OX_Ia,0,1,,,Ia,,,99.044,16.3487275,156.613975,24.41150625,99.7195375,33.13336,0.204174,354.6099,7.065,11.21973125,0.133764,301.885,114.8645125,15.5,22.33333333,132.20245,410.534875,-1461.17125,,271.142,11.23681,185.403,119.0476,114.1553,50.06,14.12989,0.204777,414.96,55.8913,1.641877,93.28001,188.6794,64,31,33,116.4511
A17024-18-55-cell 20,A17024-18-55,-cell 20,2,OX,OX_Ia,0,1,,,Ia,,,73.2555,10.2050675,182.9911,92.7508025,97.449535,20.18616,83.2042425,340.1361,7.88,13.5833525,0.155131,1000.35,141.318125,17.75,92.5,90.2402775,762.8349,-45.1443,,170.22,11.25595,194.9977,137.741,132.2751,32.68,12.64579,0.130116,268.4,32.50052,1.046801,119.6571,196.0047,69,46,23,131.2764
A17024-18-55-cell 21,A17024-18-55,-cell 21,2,OX,OX_Ia,0,1,,,Ia,,,51.7095,13.6039475,163.94915,73.309455,79.0099375,21.7967875,52.19666,354.6099,7.1,12.15725,0.135803,991.41,91.7353275,15,72.5,90.6396975,777.76975,-52.072525,,10.847,11.78591,107.0212,114.1553,111.1111,15.92,7.576328,0.071403,454.86,39.8571,1.775626,125.8872,214.8706,43,25,18,113.3246
A17024-18-55-cell 22,A17024-18-55,-cell 22,2,OX,OX_Ia,0,1,,,Ia,,,40.8045,10.984784,168.3502,75.6844025,80.77702,17.78176,73.0050725,245.098,20.585,18.23994,0.32243325,1000.5,89.075675,16.75,76.75,92.6657675,1084.66825,-32.7634,,131.401,10.29209,252.0979,141.2429,133.3333,10.5,8.410662,0.033463,164.44,20.02594,0.618866,65.83531,116.9004,84,64,20,106.4147
A17024-18-39-cell 10,A17024-18-39,-cell 10,3,Pirc,Pirc_Ia,1,0,,,Ia,,,40.824,10.87259233,200.4939503,58.488613,62.16559867,32.81979067,19.82133733,0,4.32,13.343509,0.105973667,964.34,101.006061,12,45.66666667,142.0053377,383.8905137,-58.74668233,,102.527,27.589818,322.739363,28.636884,89.605735,57.38,11.512161,0.234756,309.96,46.360085,1.211602,99.789194,75.746979,23,12,11,27.713472
A17024-18-39-cell 2,A17024-18-39,-cell 2,3,Pirc,Pirc_Ia,1,0,,,Ia,,,61.2665,10.99200125,266.8888758,73.460509,92.55259325,52.52576225,60.14615575,0,3.6,10.461493,0.086084,998.29,69.93213875,21,75.5,193.4283665,683.7220048,-103.8669465,,164.92,29.246401,270.887113,268.817204,264.550265,4.8,3.414915,0.014627,170.8,17.912463,0.666335,253.782966,432.827973,122,87,35,57.186428
A17024-18-39-cell 5,A17024-18-39,-cell 5,3,Pirc,Pirc_Ia,1,0,,,Ia,,,44.5685,10.8436455,257.5333518,97.53787875,107.61718,37.5893235,83.5967565,0,4.38,12.06972675,0.10372425,998.035,95.63267,17.25,97.75,159.995473,1849.216631,-79.052426,,133.949,29.743983,335.378003,216.450216,216.450216,7.1,7.177926,0.022933,302.34,44.863502,1.177589,221.310027,342.907551,107,67,40,38.141835
A17024-18-39-cell 7,A17024-18-39,-cell 7,3,Pirc,Pirc_Ia,1,0,,,Ia,,,37.7575,10.822801,260.5106125,93.01275575,106.6104938,39.009175,80.30091275,0,3.715,11.80095775,0.09329325,999.665,98.07814825,16.5,96.25,167.4978563,1641.544536,-83.56325975,,134.009,29.341931,334.150052,231.481481,210.970464,7.1,6.620129,0.024162,301.08,44.309096,1.172291,244.419935,355.349364,106,69,37,38.03521
A17024-18-39-cell 8,A17024-18-39,-cell 8,3,Pirc,Pirc_Ia,1,0,,,Ia,,,42.9135,11.2418985,220.4218105,74.10559275,83.4195855,34.0796305,64.4450495,0,19.145,17.56118475,0.4166045,997.44,103.1950825,14.25,74,146.316218,1532.506091,-63.74102425,,136.753,28.124551,326.743722,179.21147,170.068027,17.58,10.919298,0.0642,231.7,31.175704,0.891617,180.825817,294.410579,88,57,31,70.616794
A17024-18-40-cell 11,A17024-18-40,-cell 11,3,Pirc,Pirc_Ia,1,0,,,Ia,,,46.2005,12.0171665,185.299613,70.94610825,80.37659825,27.1218825,62.32686725,0,14.25,13.7931965,0.31412675,999.895,117.8249538,13.75,73,114.3535043,1523.339492,-59.81979675,,151.957,32.062988,413.946247,171.821306,160.25641,14.04,10.469313,0.053682,215.26,32.315053,0.82518,163.230356,248.07255,82,56,26,52.403889
A17024-18-40-cell 15,A17024-18-40,-cell 15,3,Pirc,Pirc_Ia,1,0,,,Ia,,,40.6635,12.7259245,151.146991,38.66548275,51.4010745,30.21578425,34.788452,282.485876,24.89,21.559242,0.5242575,989.31,126.2912105,10,41,112.4815083,1454.787637,-57.749961,,152.275,34.62101,452.04525,158.730159,157.232704,26.34,15.45228,0.126947,274.18,52.30371,1.06622,178.141468,266.311589,69,46,23,82.408461
A17024-18-40-cell 20,A17024-18-40,-cell 20,3,Pirc,Pirc_Ia,1,0,,,Ia,,,49.61,15.648857,234.980046,85.55604333,108.4718637,57.16072533,76.20082333,0,3.36,11.749839,0.074064333,999.5,144.352707,19,92,149.4240023,1097.017741,-71.44535233,,10.158,13.078092,136.510217,146.19883,142.450142,10.6,5.458188,0.047743,288.44,22.454541,1.124278,130.500061,255.255963,66,38,28,145.224343
A17024-18-40-cell 21,A17024-18-40,-cell 21,3,Pirc,Pirc_Ia,1,0,,,Ia,,,45.8075,10.66388825,208.3496118,69.24755375,80.457073,33.9794225,58.85670925,0,4.485,13.4265905,0.1114485,995.23,117.8260738,16,70.75,139.102058,772.0037935,-70.83178375,,135.062,29.749857,389.724016,193.79845,189.393939,8.42,8.426665,0.022784,231,36.62854,0.898158,174.791689,299.069772,89,60,29,67.192772
A17024-18-40-cell 23,A17024-18-40,-cell 23,3,Pirc,Pirc_Ia,1,0,,,Ia,,,44.2715,12.78540525,181.3008563,68.1839765,77.721133,28.62732225,60.67379675,0,19.74,23.702901,0.4106265,1000.735,133.977204,11,69.75,113.1168795,1467.486554,-58.0273475,,8.281,11.175964,132.752192,109.649123,108.932462,16.98,7.061196,0.080591,355.72,31.254609,1.388499,143.723019,246.220268,40,24,16,108.713319
A17024-18-40-cell 3,A17024-18-40,-cell 3,3,Pirc,Pirc_Ia,1,0,,,Ia,,,39.7735,11.91666775,225.366856,84.4392015,96.22844125,31.636329,73.60819375,0,3.715,11.55141075,0.1002795,996.725,113.7595023,17.75,87.25,140.9276545,1283.680169,-72.471609,,168.742,20.881554,291.259766,198.412698,187.265918,12.96,9.918676,0.050517,259.54,33.45233,1.003725,199.384902,319.834539,88,58,30,72.523262
A17024-18-40-cell 5,A17024-18-40,-cell 5,3,Pirc,Pirc_Ia,1,0,,,Ia,,,76.3995,22.89558675,182.7181948,50.07131325,59.11495,29.52102225,43.87944175,0,26.69,25.09566625,0.55637175,995.055,216.9352173,11,50.75,132.6468815,1681.967147,-55.07724525,,141.394,29.845628,393.84315,120.772947,121.654501,53.58,12.973684,0.211067,314.74,51.439878,1.232176,147.851574,228.513683,54,34,20,116.412377
A17024-18-40-cell 7,A17024-18-40,-cell 7,3,Pirc,Pirc_Ia,1,0,,,Ia,,,43.9845,11.681283,224.65168,49.300376,66.08883025,44.741282,37.0408955,210.970464,37.19,26.0412295,0.7618275,987.87,122.1504655,12,51.25,175.351304,2130.14799,-91.324419,,157.906,30.237995,379.151845,170.068027,165.016502,41.58,10.958312,0.1642,305.62,48.661573,1.17733,201.505275,328.576508,68,42,26,104.142171
A17024-18-61-cell 3,A17024-18-61,-cell 3,3,Pirc,Pirc_Ia,1,0,,,Ia,,,41.1145,12.117665,255.43905,81.522455,98.24566,41.10006,65.9874425,525.033575,2.77,4.72749475,0.03946375,994.82,65.778575,25.75,85.75,173.916575,1140.8165,-95.83965,,199.819,10.04369,95.11094,191.5709,198.4127,7.62,2.333124,0.028612,155.32,9.761975,0.557248,167.8581,248.4554,94,68,26,138.6751
A17024-18-61-cell 11,A17024-18-61,-cell 11,3,Pirc,Pirc_Ia,1,0,,,Ia,,,52.3625,11.528465,221.51095,74.411455,89.710825,38.285985,62.48479,513.196475,2.295,4.40467825,0.037275,999.925,75.07661,17,77.75,147.099525,1126.63575,-88.485,,211.554,11.04272,103.9276,154.321,146.1988,3.76,1.376014,0.055625,285.86,20.0978,1.092114,135.0404,271.5038,67,39,28,73.74631
A17024-18-61-cell 16,A17024-18-61,-cell 16,3,Pirc,Pirc_Ia,1,0,,,Ia,,,44.9765,9.6183105,353.1452,101.964875,128.205425,55.2746025,81.7030325,555.86455,2.61,5.0578585,0.03127675,996.535,73.11091,34.25,110.75,251.180325,483.933075,-125.6625,,7.223,11.70645,94.72075,347.2222,252.5253,4.22,1.570636,0.011203,96.36,2.755977,0.338756,197.3831,311.8514,141,96,45,170.6933
A17024-18-61-cell 19,A17024-18-61,-cell 19,3,Pirc,Pirc_Ia,1,0,,,Ia,,,160.6655,27.456305,238.1692,95.0079675,105.13405,30.855425,84.946015,342.391775,3.375,9.1075685,0.0619135,1000.315,179.235725,21.25,97.5,143.16125,1087.059,-68.406475,,17.587,11.24124,90.97944,137.741,130.2083,4.92,3.830087,0.022466,245.14,13.55163,0.972676,66.6683,191.7379,78,45,33,136.7109
A17024-18-61-cell 20,A17024-18-61,-cell 20,3,Pirc,Pirc_Ia,1,0,,,Ia,,,25.382,10.95548,210.9705,64.59948,82.65436,45.02441,52.2466,490.1961,2.52,4.822106,0.010316,986.62,72.48636,17,69,146.371,1365.694,-90.5615,,7.766,10.26523,93.74855,141.2429,131.2336,4.76,1.639779,0.012965,90.84,4.385634,0.327547,90.5681,209.5336,70,39,31,99.78357
A17024-18-62-cell 14,A17024-18-62,-cell 14,3,Pirc,Pirc_Ia,1,0,,,Ia,,,77.1385,25.10143,158.6303,75.6455175,81.08972,18.12173,71.734695,354.6099,5.365,11.7365575,0.08279425,999.65,151.387175,14.75,76.75,82.98478,656.2363,-35.44205,,167.911,20.0808,186.8213,118.2033,113.3787,8.04,5.368198,0.088343,23.86,19.58883,0.082145,111.8215,169.9185,59,40,19,50.16659
A17024-18-62-cell 17,A17024-18-62,-cell 17,3,Pirc,Pirc_Ia,1,0,,,Ia,,,73.8815,24.80202,248.0322,88.837745,103.8082625,36.99456,80.114225,231.4815,5.265,13.034085,0.0984775,997.24,135.2975,18.5,93.5,159.194475,1509.47325,-79.193525,,171.484,23.13636,184.4744,173.6111,170.068,11.46,5.207689,0.040412,281.38,29.54134,1.092227,184.399,337.1252,69,43,26,99.53704
A17024-17-15 aff 6,A17024-17-15,aff 6,4,POX,POX_Ia,1,1,,,Ia,,,41.2225,11.55658425,105.8177633,34.007645,45.0977125,28.78165125,0.75698275,0,27.344,19.15796575,0.5206355,968.612,88.89232375,7,28,45.3556775,1387.608581,-25.7809535,,205.715,13.145406,132.228303,128.600823,107.944732,24.447,9.154,0.0437,205.944,16.999664,0.789444,89.201038,108.330973,36,21,15,28.303815
A17027-17-16 aff 9,A17027-17-16,aff 9,4,POX,POX_Ia,1,1,,,Ia,,,139.069,20.56228475,134.6330403,0.18257075,102.0911535,39.9434665,0.18257075,0,17.38,14.3925745,0.3365875,91.58,173.5016025,11,4,134.4504688,643.9748988,-1391.461586,,332.655,11.639186,117.805839,64.699793,61.455261,583.18,66.330806,1.817177,631.688,70.734057,1.817177,432.865151,375.755848,15,5,10,63.990839
A17024-17-17 aff 5,A17024-17-17,aff 5,4,POX,POX_Ia,1,1,,,Ia,,,63.881,10.02367775,138.1516858,58.169915,74.7771175,21.77557,59.8388035,0,31.8,16.988617,0.59427075,997.372,117.296871,10,62,79.98177075,1148.020269,-27.1047195,,315.016,9.820748,127.759659,135.281385,106.292517,175.284,13.846361,0.713287,408.208,31.747826,1.610274,121.813815,197.915211,35,21,14,66.838928
A17024-17-17 aff 6,A17024-17-17,aff 6,4,POX,POX_Ia,1,1,,,Ia,,,80.17,9.803216,137.1148155,0.5293635,75.733101,51.6711055,0.5293635,0,66.748,37.735419,1.328823,203.264,115.3976935,7,7,136.585452,1847.025265,-850.739187,,311.176,10.620248,155.26545,96.450617,96.006144,339.588,33.166179,1.37139,482.128,49.776459,1.904685,170.396116,275.090782,28,18,10,95.637292
A17024-17-18 aff 3,A17024-17-18,aff 3,4,POX,POX_Ia,1,1,,,Ia,,,64.839,11.37270625,120.2628388,22.91285425,54.5032825,34.174428,0.21364025,0,72.956,41.58086175,1.45211,595.596,123.476237,5,21,97.34998475,2070.896764,-153.4390705,,303.143,12.72778,157.7308,78.3208,76.03406,339.068,32.399489,1.365603,465.288,45.26313,1.852892,133.934,202.2915,23,15,8,77.49693
A17024-17-18 aff 6,A17024-17-18,aff 6,4,POX,POX_Ia,1,1,,,Ia,,,45.6945,12.60205175,149.34481,51.14861875,59.032504,22.9312705,44.2910055,336.065224,5.4119,6.9614715,0.1275,993.84,134.26258,13,52,98.19619125,997.27425,-47.2245205,,204.397,11.965834,175.720215,101.132686,100.644122,11.292,5.880411,0.044684,357.304,33.57947,1.405692,93.626174,181.496581,47,27,20,99.696291
A17024-17-18 aff 9,A17024-17-18,aff 9,4,POX,POX_Ia,1,1,,,Ia,,,53.5455,10.7566325,129.1993578,44.839898,67.03484325,57.8566135,25.04077275,0,48.224,26.631761,0.95653325,988.752,121.7135763,11,45,184.3594598,2324.205941,-104.2531233,,217.896,11.566509,171.157837,131.85654,119.92,214.372,21.270164,0.867597,393.296,37.648897,1.55264,174.610121,486.462867,37,26,11,120.925576
A17024-17-19 aff 2,A17024-17-19,aff 2,4,POX,POX_Ia,1,1,,,Ia,,,46.593,11.031031,140.848546,60.47778025,70.67758825,36.798584,50.078024,0,10.328,10.88198225,0.16008775,983.364,106.1901363,13,62,90.37076525,968.0128663,-62.544402,,272.819,12.133529,134.584701,112.007168,109.075044,83.9,12.608234,0.33494,317.064,27.869688,1.238337,114.901154,222.70548,45,27,18,106.998795
A17024-17-19 aff 4,A17024-17-19,aff 4,4,POX,POX_Ia,1,1,,,Ia,,,43.593,11.558977,136.943247,17.4048765,58.9887665,35.2215085,0.460965,0,44.3,25.455454,0.886721,413.6465,102.179792,9,22,119.5383705,1516.59727,-172.347033,,262.42,11.934816,136.855352,95.129376,89.413448,142.548,16.476563,0.571727,373.072,33.947153,1.469631,140.53532,216.706342,34,21,13,94.278654
A17024-17-21 aff 3,A17024-17-21,aff 3,4,POX,POX_Ia,1,1,,,Ia,,,47.4305,11.33624575,150.423681,58.10082625,68.01601275,27.739629,58.82202,425.170068,5.63,6.413298,0.121,996.88,124.1780908,13,65,102.322855,827.6085868,-61.2065285,,218.112,12.289814,197.240198,132.696391,124.750499,13.78,5.959698,0.05982,301.424,29.652478,1.179358,128.518351,238.829842,56,34,22,71.05931
A17024-17-02 -cell 1,A17024-17-02,-cell 1,1,WT,WT_1.5,0,0,,1,1.5,Ia,,51.0947,11.84165425,189.1998653,65.683482,73.36457825,27.58787625,53.6981855,0,37.56,20.66592475,0.7778455,991.6,86.86109375,13.75,65.25,123.516383,1880.175291,-58.879401,,150.3252,30.090991,346.343994,137.061404,131.027254,40.996,10.131177,0.164869,242.576,31.905469,0.182035,118.980715,180.69221,74,49,25,77.949704
A17024-17-02 -cell 3,A17024-17-02,-cell 3,1,WT,WT_1.5,0,0,,3,1.5,0,,44.7094,12.198893,162.8517973,40.95791425,50.279304,32.13560575,3.6507285,0,55.48,31.56954925,1.13418325,973.376,112.7137325,9,37.5,121.893883,2202.136169,-72.29756625,,133.6651,31.582488,356.092906,112.007168,112.007168,80.616,14.530055,0.31349,307.588,46.856163,1.16081,126.666,187.081962,54,35,19,111.041947
A17024-17-02 -cell 4,A17024-17-02,-cell 4,1,WT,WT_1.5,0,0,,4,1.5,Ia,,42.9509,10.8937075,172.5350095,51.48726575,67.16450225,29.859623,0.227829,0,35.028,20.34266825,0.722215,907.191,96.6616225,12.75,46.75,121.0477435,1626.443111,-88.259766,,137.5307,29.999835,319.186258,157.828283,149.880096,29.144,9.125396,0.12909,290.484,38.855814,1.098405,144.624977,236.717336,77,49,28,70.619829
A17024-17-02 -cell 5,A17024-17-02,-cell 5,1,WT,WT_1.5,0,0,,5,1.5,II,,46.3328,11.9836165,109.28207,45.71122875,48.91215425,9.9350935,39.54296775,0,39.456,21.6809655,0.81735475,990.376,91.90064225,8,46,29.326575,752.4480315,-28.582866,,140.3087,28.08605,307.918739,99.681021,88.276836,19.976,9.102283,0.078082,255.444,32.625763,0.986285,105.342745,158.713503,44,26,18,14.647007
A17024-17-02 -cell 6,A17024-17-02,-cell 6,1,WT,WT_1.5,0,0,,6,1.5,Ia,,41.1487,10.817725,175.8619498,77.308137,85.5564765,22.36922575,67.21401325,0,8.788,10.3549345,0.21364575,998.48,97.0771725,14.25,80,98.5538125,1167.580358,-55.03191075,,140.3824,30.026417,350.364327,154.320988,147.754137,7.188,6.375243,0.029508,212.176,27.748205,0.798017,141.979971,211.794149,79,56,23,26.981814
A17024-17-02 -cell 7,A17024-17-02,-cell 7,1,WT,WT_1.5,0,0,,7,1.5,Ia,,39.4064,10.0983705,144.54204,60.8764655,66.80915975,16.9669145,54.71965275,0,47.4,25.49977925,0.97052925,994.972,94.6067725,9.75,62.75,83.6655745,1656.720549,-38.22502925,,133.5895,31.451879,363.487601,128.600823,120.423892,27.72,10.033136,0.110237,230.932,31.462046,0.868447,115.122083,168.128292,67,45,22,40.696463
A17024-17-02 -cell 9,A17024-17-02,-cell 9,1,WT,WT_1.5,0,0,,9,1.5,Ia,,63.4564,20.04122725,249.58154,89.55462175,102.4446283,32.568467,78.0007275,0,25.42,20.24494325,0.537643,999.872,167.0031253,15,93.5,160.0269183,2432.179176,-74.8821155,,136.3786,30.583954,359.443307,179.597701,181.15942,33.324,9.83561,0.129971,321.112,50.43174,1.221737,224.114895,322.569599,77,52,25,12.732366
A17024-17-04 -cell 11,A17024-17-04,-cell 11,2,OX,OX_1.5,0,1,,11,1.5,II,,46.0118,11.35043375,209.4701648,67.53445075,78.834038,35.27031,57.55914725,0,51.288,33.318762,1.04200375,996.352,104.7024678,10,69,141.9357143,2595.662008,-70.78316825,,217.3811,12.343581,142.902923,134.408602,130.208333,127.1787,24.59722,0.750963,388.836,42.386059,1.471712,218.555604,300.629786,42,29,13,73.678449
A17024-17-04 -cell 14,A17024-17-04,-cell 14,2,OX,OX_1.5,0,1,,14,1.5,1.5,,44.4304,10.67217525,150.758133,83.690954,88.28720175,16.30769675,72.74439775,0,6.628,13.32693275,0.165184,999.416,101.6067155,13.5,84,67.067179,1048.814532,-45.468141,,221.0663,10.978964,136.695504,126.262626,116.387337,26.312,11.097355,0.109188,202.26,19.806247,0.756924,154.244768,174.904441,54,41,13,60.334356
A17024-17-04 -cell 16,A17024-17-04,-cell 16,2,OX,OX_1.5,0,1,,16,1.5,Ia,,44.0131,9.06832475,187.560094,70.37809425,78.72386025,26.085547,62.789285,0,15.964,17.1061895,0.34957775,991.796,98.35645575,11.75,72,117.1819995,1602.859895,-53.04391025,,223.0475,11.756879,142.629719,127.811861,130.208333,25.832,11.00875,0.102196,339.876,35.776186,1.300087,157.363511,263.990175,52,32,20,88.876232
A17024-17-04 -cell 19,A17024-17-04,-cell 19,2,OX,OX_1.5,0,1,,19,1.5,Ia,,93.8336,9.7097745,121.732194,51.5184805,58.5707945,17.24783475,29.50135175,0,26.592,23.23825,0.56393325,988.672,105.8214198,11,53,70.21371325,668.7505123,-48.710243,,269.8114,12.537851,152.497065,89.413448,80.749354,114.588,20.16779,0.443601,449.464,53.50558,1.719617,108.440824,164.851557,38,18,20,42.332027
A17024-17-04 -cell 2,A17024-17-04,-cell 2,2,OX,OX_1.5,0,1,,2,1.5,1.5,,48.0203,12.2867745,122.4487338,39.59096225,47.10297675,22.977116,22.9425755,0,47.976,30.4231215,0.98420325,982.42,105.3979683,6,39.5,82.8577715,1291.278291,-52.424468,,218.5789,11.256437,135.10859,81.699346,80.43758,175.56,24.066209,0.751572,424.396,45.380552,1.607362,132.268142,210.97676,27,17,10,73.266974
A17024-17-04 -cell 3,A17024-17-04,-cell 3,2,OX,OX_1.5,0,1,,3,1.5,Ia,,38.9986,12.11024925,160.629325,35.1276725,47.943265,32.6911975,30.3320775,0,63.928,56.4197,1.2290985,987.536,198.8215,8,37,125.50165,2290.4325,-65.6755,,225.3424,12.46431,137.811565,55.7041,55.7041,393.3,47.755109,1.50822,476.86,75.91847,2.204173,163.903096,317.078885,19,14,5,54.928444
A17024-17-04 -cell 5,A17024-17-04,-cell 5,2,OX,OX_1.5,0,1,,5,1.5,1.5,,42.3125,12.32487167,135.4005407,40.70607,50.57534467,25.82584833,49.30371,0,61.088,41.42667467,1.237923333,973.932,113.1984493,6.666666667,40,94.69447033,1944.175693,-61.753931,,163.1962,30.091768,295.324421,121.124031,115.101289,57.42,19.383765,0.216152,367.912,69.108529,1.390926,161.697062,241.187407,47,30,17,118.146016
A17024-17-04 -cell 7,A17024-17-04,-cell 7,2,OX,OX_1.5,0,1,,7,1.5,II,,63.6461,11.63955875,121.8386458,42.703987,50.1410665,22.492554,35.81281075,0,67.824,43.68838875,1.2813615,983.08,107.0554738,5,43,79.13465875,1801.26118,-48.51655075,,205.9994,21.026,211.971474,92.592593,91.374269,316.892,49.421409,1.212391,452.232,71.19594,1.713795,175.335053,233.671295,27,19,8,90.525695
A17024-17-08 -cell 2,A17024-17-08,-cell 2,2,OX,OX_1.5,0,1,,,1.5,Ia,,33.7368,10.81726525,232.8400765,57.62543075,89.716832,65.7674135,39.22914225,0,50.95,31.623118,1.02976225,990.192,110.0597113,11.25,64,175.2146458,3578.726207,-97.086253,,202.0007,11.339899,133.969986,137.061404,60.386473,313.784,32.321069,1.200941,220.356,17.782349,0.829161,165.344514,150.499518,21,14,7,111.83945
A17024-17-08 -cell 6,A17024-17-08,-cell 6,2,OX,OX_1.5,0,1,,,1.5,Ia,,40.4021,12.24923667,151.8360273,34.362882,63.621533,65.59211467,16.22556,0,75.504,51.380639,1.369,712.5,119.905196,10,28,151.6263487,2124.303458,-94.4599,,197.2488,11.004291,136.725295,72.087659,68.306011,493.54,60.433241,1.225,612.224,80.195309,1.718465,250.627687,416.36842,12,8,4,71.334002
A17024-17-08 -cell 8,A17024-17-08,-cell 8,2,OX,OX_1.5,0,1,,,1.5,0,,34.663,11.40305675,133.4406873,55.14648675,67.67230625,41.4493525,20.376636,0,5.99,12.3475475,0.15283275,985.824,110.9374315,12.75,50.75,78.2942005,1222.447636,-35.78440525,,207.1287,9.316903,125.432336,85.382514,107.388316,101.224,14.291351,0.393128,38.756,2.95625,0.145401,152.2789,251.7125,40,31,9,81.991672
A17024-17-15 aff 2,A17024-17-15,aff 2,4,POX,POX_1.5,1,1,,,1.5,Ia,,45.5915,10.30374575,121.2012163,46.339391,54.83336825,33.56859625,35.7170505,0,49.404,27.03299775,0.9884195,996.112,85.32744375,6,42,74.86182525,1393.229462,-66.33648575,,209.054,11.39237,124.7261,87.53501,85.73388,354.884,35.34724,1.434636,481.104,47.0454,1.928029,174.6484,267.6453,20,14,6,86.7169
A17027-17-16 aff 8,A17027-17-16,aff 8,4,POX,POX_1.5,1,1,,,1.5,Ia,,88.465,12.2309375,104.166667,0.1941775,26.328392,31.140006,0.1941775,0,304.468,71.0527455,2.2708375,411.488,97.739882,4,8,103.960771,1834.932325,-186.647108,,8.671,12.566068,107.724142,67.204301,63.51626,504.444,47.490105,2.03665,609.016,59.569976,2.410566,237.455759,226.593523,11,5,6,66.466342
A17024-17-17 aff 4,A17024-17-17,aff 4,4,POX,POX_1.5,1,1,,,1.5,Ia,,59.958,12.049569,80.85707425,25.071118,56.43543425,24.08088775,24.95245,0,18.272,12.3187165,0.357,436.98,140.0354463,5.25,7,55.78595675,642.2854813,-258.4387863,,274.974,11.054567,165.966213,52.345059,47.564688,325.06,32.921263,1.322943,550.688,68.766579,2.189032,117.869878,198.825724,14,8,6,51.570988
A17024-17-18 aff 7,A17024-17-18,aff 7,4,POX,POX_1.5,1,1,,,1.5,Ia,,62.712,10.24605167,66.72072333,7.989723667,37.17201967,16.66219533,0.289349667,0,81.86,46.35590367,1.625543,250.424,123.659351,3,10.66666667,58.73099967,1492.249729,-254.924911,,298.577,11.223218,167.875743,43.675751,0.664858,518.54,65.49991,2.080317,755.352,150.963178,3.013544,125.272133,0,9,0,9,15.860887
A17024-18-40-cell 10,A17024-18-40,-cell 10,3,Pirc,Pirc_1.5,1,0,,,1.5,1.5,,49.2965,12.05788825,187.744009,60.74529425,70.845081,29.9801945,53.08444825,0,37.35,24.266325,0.771862,992.275,113.8465615,11.5,62.75,126.998715,2058.778231,-57.73910375,,162.3,31.879781,413.016176,146.19883,142.450142,68.8,15.512081,0.277228,245.96,37.937411,0.986712,154.301459,227.897039,68,48,20,69.363789
A17024-18-40-cell 14,A17024-18-40,-cell 14,3,Pirc,Pirc_1.5,1,0,,,1.5,1.5,,87.2745,22.47273025,199.8184563,55.9997585,65.52735125,34.49035575,47.90876175,0,54.44,51.96618175,1.10663625,988.68,219.8619098,8.5,55.5,143.818698,2010.705485,-62.5018855,,157.599,33.446482,389.855528,127.226463,127.21548,126.94,26.154586,0.49855,366.14,65.755507,1.43885,182.303207,363.6125,44,3,41,121.618908
A17024-18-40-cell 17,A17024-18-40,-cell 17,3,Pirc,Pirc_1.5,1,0,,,1.5,1.5,,76.0115,21.56779525,163.98352,43.7877115,55.32849125,36.680236,27.6329805,0,68.01,61.9241735,1.37994625,993.805,194.6447038,7.25,43.75,120.1958083,2557.733109,-69.70216725,,148.364,29.69302,385.819936,130.208333,121.654501,213.5,39.094566,0.859279,404.82,68.7,1.593191,232.779935,325.746921,39,25,14,129.324066
A17024-18-40-cell 22,A17024-18-40,-cell 22,3,Pirc,Pirc_1.5,1,0,,,1.5,1.5,,69.3255,21.33303225,123.398255,39.0656125,49.29836475,29.17536725,25.46020025,0,56.21,54.52191875,1.13978325,995.85,204.820508,6,40.25,84.3326425,1440.885143,-55.96485675,,157.896,31.351919,436.452961,108.932462,101.010101,181.24,40.370201,0.735694,377.78,85.796337,1.48337,170.253734,240.13332,34,20,14,108.030391
A17024-18-42-cell 5,A17024-18-42,-cell 5,1,WT,WT_1.5,0,0,,,1.5,1.5,,54.5715,16.9091475,170.5152,64.5472725,71.0760275,21.670105,59.100535,0,38.96,25.29285,0.76811825,992.325,103.5896175,11.75,65.5,105.9679225,1908.7765,-37.886475,,185.373,20.83866,219.287,132.2751,126.2626,80.92,17.37032,0.322565,236.84,29.22301,0.930058,155.5784,191.3976,61,46,15,88.98509
A17024-18-53-cell 1,A17024-18-53,-cell 1,1,WT,WT_1.5,0,0,really bad stick took from both 1 and 1a files,,1.5,1.5,,47.561,15.86529,216.746,39.01055667,68.89262,40.46764667,13.006015,0,34.94,19.00871333,0.683586333,967.02,91.31389333,15,46.33333333,177.7354667,2088.242333,-70.082,,3.498,12.05675,78.59148,129.199,124.3781,69.214,16.95796,0.2878,394.5236,25.78625,1.581,162.1512,265.5679,40,19,21,128.3782
A17024-18-53-cell 5,A17024-18-53,-cell 5,1,WT,WT_1.5,0,0,,,1.5,1.5,,40.5435,11.2916125,169.2091,29.352435,49.719485,45.6214975,7.4316905,0,14.12,10.5614615,0.27798525,926.49,81.8808575,12.25,27.5,139.856675,1509.99925,-114.0645,,175.633,20.03497,207.9242,121.6545,121.6545,41.46,8.979255,0.173259,238.9,21.91944,0.96563,144.3237,184.5738,51,38,13,113.9111
A17024-18-53-cell 6,A17024-18-53,-cell 6,1,WT,WT_1.5,0,0,,,1.5,1.5,,39.2635,11.018455,158.0098,74.1633325,79.4892625,17.4910775,66.805875,0,49.48,24.144035,0.994887,996.41,81.4157175,10,75.25,83.8464975,1791.297,-38.77615,,162.738,19.4393,203.537,133.3333,127.2265,60.96348,6.91,0.24,266.54,27.19858,1.048077,151.1763,193.2564,58,44,14,51.63399
A17024-18-53-cell 12,A17024-18-53,-cell 12,1,WT,WT_1.5,0,0,,,1.5,1.5,,53.84675,12.45230875,164.6909,62.9008125,73.9285075,36.3744775,46.6124225,0,7.545,8.726285,0.14315225,995.755,94.68129,13.25,63.75,101.7900725,739.671025,-26.9358475,,13.895,11.10788,111.7605,116.55,228.3105,7.34,4.707973,0.010282,340.98,23.62911,1.283053,130.0957,296.1827,62,33,29,116.55
A17024-18-55-cell 1,A17024-18-55,-cell 1,2,OX,OX_1.5,0,1,,,1.5,1.5,,37.3855,12.574615,239.844875,59.0534825,75.0938025,39.02014,64.99446,0,61.33,28.5569675,1.208537,841.265,68.0990875,12.5,50.75,180.7914,3228.34275,-104.702275,,166.117,21.84609,176.3996,143.6782,134.4086,155.22,22.043759,0.661571,309.34,32.42046,1.20482,118.8095,162.3262,68,33,35,137.9365
A17024-18-55-cell 5,A17024-18-55,-cell 5,2,OX,OX_1.5,0,1,,,1.5,1.5,,45.8745,14.5789325,187.534875,60.625,83.26652,48.1639625,52.0833,0,63.395,33.3257425,1.23974325,418.05,91.1925125,10.5,25.5,170.096875,2638.44075,-67.0385,,164.121,20.85251,193.6101,148.8095,140.056,278.08,37.78978,1.109437,419.66,53.1346,1.649764,181.9249,235.8607,55,37,18,146.6313
A17024-18-55-cell 9,A17024-18-55,-cell 9,2,OX,OX_1.5,0,1,,,1.5,1.5,,53.7485,16.969935,205.21015,52.549279,85.395655,33.95984,16.067854,0,33.255,20.31347,0.6703055,747.565,103.5888875,15.5,55.25,152.6609,1988.05625,-122.1616,,201.608,11.44449,118.6859,152.9052,147.4926,427.22,44.36649,0.851,492.9,48.86231,1.944122,223.2403,320.174,39,30,9,144.1137
A17024-18-60-cell 2,A17024-18-60,-cell 2,1,WT,WT_1.5,0,0,,,1.5,1.5,,53.3045,13.9568625,119.614,62.8595825,64.4837475,12.5207475,57.02215,0,4.215,7.68863875,0.06030425,1000.675,80.99053,14.5,61.5,56.7544375,49.616395,-24.97515,,224.408,11.36809,121.2863,103.5197,104.1667,9.14,6.051388,0.044625,156.36,11.40383,0.585998,68.22579,119.8934,58,39,19,55.21049
A17024-18-60-cell 8,A17024-18-60,-cell 8,1,WT,WT_1.5,0,0,,,1.5,1.5,,83.9495,27.5081125,172.567525,43.27891,57.7665675,36.01976,38.136785,0,24.09,20.25335,0.46608775,989.17,165.973925,13,46.25,129.2886,1742.894,-70.702125,,171.925,25.677,205.222,117.3709,119.0476,81.36,10.45993,0.336967,361.42,39.45284,1.428303,173.1243,256.0475,46,30,16,115.6156
A17024-18-60-cell 11,A17024-18-60,-cell 11,1,WT,WT_1.5,0,0,,,1.5,1.5,,148.3815,29.690865,194.210025,71.8586425,81.617885,28.336135,60.788885,0,9.455,12.710525,0.1966265,996.645,189.39245,14,73.75,122.35135,1463.572,-61.84315,,264.058,20.85022,184.656,121.6545,118.2033,24.84,9.06113,0.106371,402.22,45.71686,1.594202,153.8277,303.2226,45,25,20,118.1367
A17024-18-60-cell 17,A17024-18-60,-cell 17,1,WT,WT_1.5,0,0,,,1.5,1.5,,47.7125,12.647115,204.522325,93.03261,112.2994,36.698405,84.3042675,0,4.095,7.9302725,0.07015425,998.02,91.1265825,19,101.5,111.489725,802.717075,-93.86855,,229.471,10.69168,120.2843,150.1502,144.9275,5.94,2.950402,0.04348,65.98,3.346403,0.233627,115.1322,171.6518,82,58,24,86.46167
A17024-18-60-cell 20,A17024-18-60,-cell 20,1,WT,WT_1.5,0,0,,,1.5,1.5,,65.7165,20.492745,163.437975,82.5136225,90.07471,18.4893875,78.075545,0,5.75,10.4872,0.1256705,1002.75,130.11025,16,85.25,80.9243475,736.235175,-47.3378,,99.71,29.46193,291.7807,137.741,138.8889,297.92,49.17848,1.00638,285.78,39.00449,1.087487,143.5548,168.5908,50,21,19,23.00437
A17024-18-61-cell 2,A17024-18-61,-cell 2,3,Pirc,Pirc_1.5,1,0,,,1.5,1.5,,67.0485,20.3190925,166.262475,63.1678275,73.1548075,24.9592625,48.558795,0,11.57,12.12691,0.22781175,998.7,98.69359,12.5,65.25,103.0946325,1377.63175,-56.6314,,10.265,11.01001,76.19658,80.12821,79.74482,253.52,17.24128,1.001382,456.24,25.53092,1.816413,153.8925,219.7208,24,15,9,79.2895
A17024-18-61-cell 5,A17024-18-61,-cell 5,3,Pirc,Pirc_1.5,1,0,,,1.5,1.5,,62.507,18.80189,200.8547,35.01072667,52.25875333,47.01302333,25.71198333,0,15.28,11.92406667,0.285058667,971.52,96.66791333,13,34,165.8439667,1666.542,-98.16883333,,175.142,19.31648,166.3157,114.9425,113.3787,47.72,11.01557,0.183252,320.7,32.17321,1.235543,152.7546,214.2322,48,31,17,111.6654
A17024-18-61-cell 6,A17024-18-61,-cell 6,3,Pirc,Pirc_1.5,1,0,,,1.5,1.5,,70.0585,21.2372975,227.712525,63.0887175,75.1428275,34.6070375,57.8393425,0,15.85,13.76019,0.309463,997.64,115.756125,16.25,65.75,164.62385,1973.14475,-64.37725,,177.908,19.3929,147.4922,136.612,131.2336,91.88,10.69501,0.377307,331.5,28.9564,1.312451,182.3977,270.2165,54,36,18,131.3289
A17024-18-61-cell 9,A17024-18-61,-cell 9,3,Pirc,Pirc_1.5,1,0,,,1.5,1.5,,52.3635,13.03376875,147.9526,40.2852625,53.8761775,34.125895,35.60127,0,40.205,21.982975,0.79934825,988.2,86.341335,7.75,42,107.667325,1686.042,-67.81865,,12.168,9.375617,83.17275,76.4526,78.61635,178.9,13.65644,0.718861,414.56,25.02205,1.597606,133.398,214.1934,26,16,10,75.57596
A17024-18-61-cell 10,A17024-18-61,-cell 10,3,Pirc,Pirc_1.5,1,0,,,1.5,1.5,,70.7675,19.4733425,143.490885,38.6431075,52.3771625,27.831055,35.316015,0,26.055,17.9737875,0.5101435,988.81,114.983305,7.75,43.25,104.8477725,1227.517625,-57.674875,,182.969,19.17862,178.2895,102.8807,98.03922,63.08,14.21851,0.255144,358.2,42.29153,1.411809,150.8623,241.0538,33,21,12,101.95
A17024-18-61-cell 13,A17024-18-61,-cell 13,3,Pirc,Pirc_1.5,1,0,,,1.5,1.5,,63.2895,17.5361,223.3717,54.623805,79.5755275,54.4480125,40.180852,0,24.14,16.47871,0.48015,993.675,108.5490375,12,57.75,168.747875,2043.38725,-119.922275,,177.568,20.09405,189.2482,181.1594,191.5709,78.48,12.89812,0.321199,401.5,48.58891,1.59235,289.4214,518.0979,54,36,18,164.1285
A17024-18-61-cell 14,A17024-18-61,-cell 14,3,Pirc,Pirc_1.5,1,0,,,1.5,1.5,,72.0935,16.5532775,291.294275,76.84187,93.8216475,54.249805,52.1537475,0,19.545,13.26803125,0.396356,988.105,97.188235,14.75,75,214.452425,2417.5975,-116.143125,,149.986,29.65185,271.4633,228.3105,225.2252,27.78,9.785336,0.115342,347.92,48.21811,1.343917,290.5253,415.6701,85,57,28,197.4896
A17024-18-61-cell 15,A17024-18-61,-cell 15,3,Pirc,Pirc_1.5,1,0,,,1.5,1.5,,68.4735,21.1416375,190.4801,86.7258825,92.7807375,23.750845,74.93644,0,19.55,16.0107875,0.3927445,996.585,121.78,14.25,86.25,103.7542125,1629.60825,-54.930475,,175.548,21.91782,182.7204,144.9275,142.4501,71.8,10.79121,0.281495,318.86,31.45597,1.250626,179.7171,263.2033,60,39,21,36.38603
A17024-18-61-cell 21,A17024-18-61,-cell 21,3,Pirc,Pirc_1.5,1,0,,,1.5,1.5,,77.4245,20.5743825,209.733925,94.8224225,102.336995,28.714365,85.267615,0,14.67,13.348635,0.2851225,999.13,122.559025,15.75,95.25,114.9115,1708.54575,-58.532775,,160.67,29.74186,278.7141,168.3502,165.0165,15.62,9.608859,0.055939,242.04,29.28422,0.904668,157.7339,255.5082,78,55,23,95.41362
A17024-18-62-cell 2,A17024-18-62,-cell 2,3,Pirc,Pirc_1.5,1,0,,,1.5,1.5,,59.0255,17.9945375,152.033875,44.3242325,54.2020225,29.4331475,37.3355925,0,12.9,11.48962,0.257087,997.63,87.3318575,12.5,44.75,107.70963,1260.19625,-58.73005,,166.152,28.79386,244.6783,117.3709,114.9425,23.02,9.626562,0.092353,260.54,29.43417,1.005852,122.2529,180.955,56,37,19,116.3434
A17024-18-62-cell 4,A17024-18-62,-cell 4,3,Pirc,Pirc_1.5,1,0,,,1.5,1.5,,62.4285,21.0624975,181.636275,55.1673,68.479835,35.4402475,43.6147625,0,13.34,13.191,0.25831575,994.65,110.7841,14,57,126.469,1324.25775,-76.379775,,164.455,19.37914,153.3021,129.199,127.2265,82.92,11.67274,0.332544,315.52,28.25977,1.272598,157.6831,260.2046,51,31,20,127.2529
A17024-18-62-cell 5,A17024-18-62,-cell 5,3,Pirc,Pirc_1.5,1,0,,,1.5,1.5,,71.7815,20.8511075,165.518325,44.55563,57.155555,32.9054525,25.8555895,0,10.005,22.1947875,0.634779,995.62,114.8553,11,45.5,120.9627,1500.08375,-73.558175,,173.372,18.63907,145.2288,102.2495,98.61933,150.2,15.78863,0.60001,369.36,34.85364,1.455395,150.3455,237.9253,37,23,14,100.7093
A17024-18-62-cell 10,A17024-18-62,-cell 10,3,Pirc,Pirc_1.5,1,0,,,1.5,1.5,,69.0875,12.0581445,158.37375,43.290685,54.994915,33.9395425,34.51609,0,20.805,17.4476725,0.4104885,988.135,97.108235,9.5,43.5,115.083065,1262.673,-70.44655,,141.236,21.79372,277.5806,148.8095,154.321,23.36,10.96882,0.090012,281.04,34.9302,1.10399,187.1456,301.4536,60,39,21,106.5163
A17024-18-62-cell 20,A17024-18-62,-cell 20,3,Pirc,Pirc_1.5,1,0,,,1.5,1.5,,71.4745,17.25718,212.563375,67.0270175,80.7524625,42.04524,60.893615,0,7.75,13.5518275,0.15815275,991.985,106.579985,15.25,67.75,145.53635,1634.506,-79.660125,,183.734,20.63996,177.5651,155.7632,152.9052,19.04,9.795998,0.055711,283.2,27.63134,1.104887,179.2992,287.7993,60,39,21,154.7683
A17024-18-62-cell 21,A17024-18-62,-cell 21,3,Pirc,Pirc_1.5,1,0,,,1.5,1.5,,163.5595,16.0867825,176.466725,51.6963975,62.198875,33.297895,41.39998,0,17.89998,16.9717475,0.36320625,988.79,95.2313125,16,51.75,124.770325,1095.049025,-67.8719,,91.343,28.02999,248.4872,152.9052,151.5152,18.44,11.42124,0.08917,151.02,19.59778,0.56234,101.9502,170.4455,84,61,23,143.7857
A17024-18-65-cell 1,A17024-18-65,-cell 1,1,WT,WT_1.5,0,0,,,1.5,1.5,,84.7455,30.148145,160.28605,58.5478175,67.4315375,23.314125,54.975225,0,12.56,16.3092375,0.24199725,999.075,169.957375,13,61,101.7382175,1304.80525,-49.89775,,131.333,33.32398,284.4645,125.3133,116.5501,30.08,11.62406,0.146291,231.9,24.53469,0.899384,138.6976,206.3646,58,38,20,78.69249
A17024-18-65-cell 3,A17024-18-65,-cell 3,1,WT,WT_1.5,0,0,,,1.5,1.5,,85.6145,29.7915525,204.306825,126.3875225,91.74129,29.000505,70.47626,0,21,20.68924,0.41910325,999.535,181.61515,15,84,77.919325,1872.478,-58.076625,,132.489,31.87793,295.7488,148.8095,148.8095,65.44,13.80519,0.2606,310.52,39.01634,1.208112,186.713,238.4033,69,46,23,53.02408
A17024-17-13 aff 4 ,A17024-17-13,aff 4,4,POX,POX_1.5,1,1,,,1.5,Ia,,76.807,10.233895,143.6782,20.03205,57.63554,50.82276175,0.322062,0,106.304,50.43658,1.6458,394.256,103.8787773,5,15,128.5359,2843.80442,-210.5801885,,276.164,11.806619,150.376093,116.387337,112.007168,395.924,63.7913,1.598124,531.6,63.704765,2.121119,293.411173,434.172994,24,16,8,104.870757
A17024-17-02 -cell 2,A17024-17-02,-cell 2,1,WT,WT_Ib,0,0,,2,Ib,0,,29.3281,29.89720925,106.2005925,44.1901845,57.60432525,26.44051025,5.4763345,0,105.904,153.60438,2.111731,961.232,256.1791755,5,45,62.010408,4530.835953,-78.0818115,,113.7005,33.314294,355.7652,102.627258,96.006144,543.536,147.805112,2.075135,602.028,173.200088,2.28212,388.35283,548.397082,15,10,5,12.439668
A17024-17-02 -cell 8,A17024-17-02,-cell 8,1,WT,WT_Ib,0,0,,8,Ib,0,,24.1678,30.4303105,170.11539,94.70785375,104.37243,21.9584835,84.90410075,0,68.26,73.0057455,1.39206875,999.536,271.5668565,7,98.5,75.4075365,2536.848214,-59.20996425,,125.7923,32.467584,340.572548,134.408602,128.600823,437.192,89.067216,1.672922,491.268,100.454875,1.856485,346.56634,422.850898,27,22,5,19.307313
A17024-17-08 -cell 12,A17024-17-08,-cell 12,2,OX,OX_Ib,0,1,,,Ib,Ib,,20.0073,8.0706305,95.56575,51.02,65.056209,22.79635,0.22644875,0,120.964,93.3255,1.819705,761.156,107.3700423,4,19,80.54,2819,-142.175575,,158.3381,20.95955,233.0439,120.4239,111.4082,547.556,146.457289,2.091601,594.084,159.5854,2.248054,501.3878,548.7879,16,13,3,4.753694
A17027-17-16 aff 5,A17027-17-16,aff 5,4,POX,POX_Ib,1,1,,,Ib,Ib,,96.4815,9.92552775,0,0.1745715,35.75491525,0,0.1745715,0,6.74,8.64611375,0.12555775,18.852,96.478124,3,0,0,305.2278898,0,,119.152,29.061668,238.958454,0,0,346.88676,9.151913,0.22003,316.92496,9.151913,0.22003,0,0,0,0,0,257.175141
A17027-17-16 aff 6,A17027-17-16,aff 6,4,POX,POX_Ib,1,1,,,Ib,Ib,,38.2695,30.8448675,0,0.1876255,0.1508615,0,0.1876255,0,143.984,220.0738723,2.8581555,17.484,220.0738723,0,0,0,0,0,,148.347,30.585244,304.173779,56.306306,0,714.076,242.858074,2.888812,671.612,0,0,149,0,2,0,2,55.635108
A17027-17-16 aff 7,A17027-17-16,aff 7,4,POX,POX_Ib,1,1,,,Ib,Ib,,64.3215,29.84932125,0,0.18791225,16.1632825,45.3045175,0.18791225,0,142.964,216.3012258,2.84068475,24.264,240.9334473,0,1,0,0,0,,165.949,40.349028,376.068115,74.139976,60.562016,665.772,252.145984,2.694327,718.072,281.020453,2.858969,785.005213,172,5,2,3,17.83367
A17024-17-17 aff 1,A17024-17-17,aff 1,4,POX,POX_Ib,1,1,,,Ib,Ib,,57.246,11.29352025,46.771873,2.60146975,25.515493,21.858131,0.20652425,0,107.42,73.28388975,2.14582625,458.688,115.3638173,1.75,5,32.477435,219,-176.7357728,,200.609,19.837119,288.513184,53.282182,49.13522,484.748,94.301043,1.959277,523.56,98.419223,2.073336,158.80045,88.867827,11,7,4,52.469745
A17024-17-17 aff 2,A17024-17-17,aff 2,4,POX,POX_Ib,1,1,,,Ib,II,,63.326,11.713885,35.796105,6.617958,13.488298,9.606154,0.225679,0,7.572,8.027355,0.149686,781.024,129.730011,4,7,29.178147,451.753657,-29.84652,,332.859,11.462112,165.065217,28.617216,26.404732,352.108,35.531808,1.430599,334.952,28.875102,1.318599,72.941026,58.850817,9,7,2,25.160819
A17024-17-17 aff 3,A17024-17-17,aff 3,4,POX,POX_Ib,1,1,,,Ib,Ib,,60.155,11.29285367,86.80083633,0.189990667,99.01494233,31.33132833,0.189990667,0,114.172,85.82473533,2.273832333,51.656,147.35439,2,2,86.610846,1998,-31.5786685,,285.627,11.110039,166.543138,63.131313,0.663609,729.196,143.677049,2.94502,755.96,150.437181,3.014295,398,0,2,0,2,62.457444
A17024-17-17 aff 8,A17024-17-17,aff 8,4,POX,POX_Ib,1,1,,,Ib,Ib,,44.751,12.015562,0,0.14076625,0.16245925,0,0.14076625,0,153.848,170.0830683,3.006646,27.348,170.0830683,0,1,0,0,0,,230.194,20.759897,307.569957,67.421791,58.520599,695.892,233.471627,2.811547,721.936,240.406389,2.874184,126,160,3,2,1,19.965451
A17024-17-18 aff 1,A17024-17-18,aff 1,4,POX,POX_Ib,1,1,,,Ib,Ib,,45.4725,12.4773755,105,69,68,15,64.07800675,0,118,61.37679825,1.91,989,121.212204,4,68,38.1067885,511,-36.053275,,204.536,12.557112,167.805994,85.38,82.12,522.02,66.223533,2.082488,584.256,75.696332,2.316176,680.81548,460.986527,11,9,3,42.514873
A17024-17-18 aff 10,A17024-17-18,aff 10,4,POX,POX_Ib,1,1,,,Ib,II,,38.1265,12.632088,30.68238,46.399,74.67589,20.45344175,26.10693,0,123.656,118.47,1.9829,985,132.7020068,1,53,0,350,-55.09679675,,162.885,20.411149,297.06974,116.38,112.0072,395,49.294391,1.598,531.6,70.027938,2.1211,255.487274,457.932291,24,16,8,104.87089
A17024-17-18 aff 2,A17024-17-18,aff 2,4,POX,POX_Ib,1,1,,,Ib,Ib,,49.0505,11.41707925,123.8461188,56.52690475,66.94458125,23.67832925,47.196934,0,76.8,44.17589875,1.5276965,984.844,119.327977,5,58.75,67.31921375,225,-62.62424475,,210.124,11.852964,162.98784,103.648425,98.736177,529.284,66.609667,2.135497,577.168,72.062866,2.283965,314.538375,385.968309,18,14,4,31.784558
A17024-17-18 aff 5,A17024-17-18,aff 5,4,POX,POX_Ib,1,1,,,Ib,II,,141.245,11.675469,0.24982675,0.18866125,62.84757575,16.37524733,0.18866125,0,125.472,114.8672425,2.50280425,29.692,169.9586118,1,1,0.0611655,0,0,,306.816,30.86066,470.518589,20.08649,19.73,709,142.065743,2.994327,723.102,245.409389,2.761671,307.838523,292.243749,2,2,0,89.31808
A17024-17-19 aff 3,A17024-17-19,aff 3,4,POX,POX_Ib,1,1,,,Ib,Ib,,32.093,10.7499525,69.18710533,0.191834,67.421791,0,0.191834,0,6.852,8.94884125,0.13017275,4.816,82.8426735,3.25,0,51.69849475,478.1627938,0,,131.958,30.311817,298.008513,0,1.271178,557.812,142.264598,2.269993,721.664,231.765395,2.872257,0,0,1,1,0,0
A17024-17-21 aff 1,A17024-17-21,aff 1,4,POX,POX_Ib,1,1,,,Ib,Ib,,126.46,11.39708075,0,0.1877035,0.22109,0,0.1877035,0,145.816,160.986547,2.90387775,14.1055,160.986547,0,0,0,0,0,,266.688,16.855141,266.6237235,44.2961455,38.3914385,547.636,109.5334085,2.2163675,624.8,138.2092745,2.490683,221.816381,336.77837,8,4,4,42.134678
A17024-17-21 aff 4,A17024-17-21,aff 4,4,POX,POX_Ib,1,1,,,Ib,II,,59.07,12.02483175,72.6046225,0.1908915,61.86798625,16.2760365,0.1908915,0,84.188,58.45642225,1.6730625,49.008,180.0196855,3,1,72.4137305,172,-322.51994,,284.026,12.418485,201.004028,39.457071,34.780189,625.044,116.63115,2.532859,670.096,129.179692,2.678581,278.052741,421.511163,5,3,2,38.738878
A17024-18-39-cell 1,A17024-18-39,-cell 1,3,Pirc,Pirc_Ib,1,0,,,Ib,Ib,,55.3045,18.991837,59.52836567,18.440504,28.3446855,15.04695575,2.50618825,0,96.085,73.4208405,1.94376225,952.925,128.2385825,2,19.5,26.20577025,2218.323855,-49.203393,,135.252,29.102614,299.336028,58.479532,48.03074,507.46,110.204551,2.038058,499.82,95.116291,1.982601,212.321305,178.680019,11,9,2,15.744489
A17024-18-39-cell 9,A17024-18-39,-cell 9,3,Pirc,Pirc_Ib,1,0,,,Ib,Ib,,38.4255,10.4876615,79.74756825,52.83222425,57.55957075,14.510077,46.691569,0,45.14,29.878617,0.92734125,987.105,101.855781,6,54,26.9153445,893.798827,-25.907124,,181.812,20.981583,254.089355,99.800399,92.081031,250.6,38.060966,1.009309,376.28,53.711888,1.480325,138.564855,185.900019,32,23,9,21.553138
A17024-18-40-cell 19,A17024-18-40,-cell 19,3,Pirc,Pirc_Ib,1,0,,,Ib,Ib,,36.8265,12.013017,151.425678,93.6119255,100.7611423,20.45526475,85.1701225,0,101.045,78.68020025,2.04649125,998.745,122.1545523,4,95.25,57.81375225,5110.050848,-52.7135995,,131.355,29.993593,378.229785,241.545894,225.225225,353.98,72.03951,1.426844,380.36,72.688854,1.496945,430.567749,435.772883,59,52,7,7.718432
A17024-18-40-cell 4,A17024-18-40,-cell 4,3,Pirc,Pirc_Ib,1,0,,,Ib,Ib,,26.7105,29.9363145,51.2689325,32.27873625,35.06980925,9.3004085,17.1900735,0,113.795,189.2290048,2.289191,995.445,277.5191358,1,31.5,18.99019625,0,-26.4278835,,125.462,30.473956,409.908485,60.606061,51.282051,555.2,175.595275,2.238206,619.26,210.815946,2.463825,277.379169,358.419912,8,5,3,14.180805
A17024-18-40-cell 6,A17024-18-40,-cell 6,3,Pirc,Pirc_Ib,1,0,,,Ib,Ib,,58.7895,20.189783,121.6707085,66.27975625,72.656788,17.3698065,57.64180925,0,55.1,47.82306075,1.12716675,997.575,196.448508,6.25,68,55.390952,1466.011519,-44.57332025,,127.858,29.759609,405.260372,141.242938,131.233596,248.52,46.478385,1.013695,395.44,79.50567,1.557842,247.209765,337.991569,39,27,12,27.087687
A17024-18-40-cell 8,A17024-18-40,-cell 8,3,Pirc,Pirc_Ib,1,0,,,Ib,Ib,,59.2725,12.1382745,108.9371155,68.451722,72.7218655,12.9004245,59.80152575,0,66.8,43.86917325,1.36119425,997.665,120.964691,5,69,40.48539375,1611.939503,-34.6658965,,154.04,29.533051,383.289146,154.320988,140.056022,250.94,44.953091,1.016438,349.98,61.908997,1.375558,242.62556,281.749734,47,36,11,14.504525
A17024-18-42-cell 3,A17024-18-42,-cell 3,1,WT,WT_Ib,0,0,,,Ib,Ib,,65.5985,21.1204775,128.337025,64.701525,75.716965,26.4193975,54.2811675,0,103.695,85.903645,2.064933,991.105,123.37505,5,67,63.635495,4494.15675,-66.825075,,151.832,30.1561,329.5942,191.5709,187.2659,354.62,71.11407,1.492826,458.34,89.67989,1.815177,313.4859,380.4626,42,32,10,11.43864
A17024-18-42-cell 4,A17024-18-42,-cell 4,1,WT,WT_Ib,0,0,,,Ib,Ib,,47.7975,19.0537775,127.328825,61.227365,70.37218,21.2958325,46.8075025,0,9.605,12.1147225,0.18225475,990.225,114.828475,9,63.25,66.101485,1050.12225,-60.385675,,158.405,21.0062,223.9598,127.2265,120.7729,15.68,9.127489,0.083144,431.34,59.76294,1.701527,213.9713,279.8827,37,26,11,17.08818
A17024-18-53-cell 3,A17024-18-53,-cell 3,1,WT,WT_Ib,0,0,Shit took from all over record,,Ib,Ib,,78.568,19.2602475,83.35017,28.49936175,52.426935,39.6883675,7.781638,0,73,52.472895,1.447421,950.45,128.60345,3.75,33.25,34.0132675,1649.4552,-58.97,,122.075,28.97217,308.4571,225.2252,88.65248,486.32,99.45403,1.961102,508.38,99.7844,2.013534,-384.11,228.6775,14,5,9,69.21186
A17024-18-53-cell 4,A17024-18-53,-cell 4,1,WT,WT_Ib,0,0,Shit took from all over record,,Ib,Ib,,151.12025,17.1468575,81.08921,52.95593,70.74994,42.8905125,46.7419725,0,71.325,49.8749725,1.418337,990.4,155.5426975,4.5,67.5,26.479575,1957.0561,-30.1078075,,172.857,20.06334,375.0625,143.6782,141.2429,379.5,78.66876,1.522794,435.4,86.39407,1.607903,319.9399,365.5696,35,30,5,17.23439
A17024-18-53-cell 8,A17024-18-53,-cell 8,1,WT,WT_Ib,0,0,,,Ib,Ib,,37.5445,15.8549175,197.5406,91.002245,107.3655,34.00475,79.3052525,0,63.16,58.530755,1.25351075,996.86,227.726625,7.75,97.25,106.53837,2741.62875,-88.10795,,171.695,20.8263,225.639,119.9041,119.0476,509.48,84.06867,2.060814,581.76,100.2803,2.312723,432.9201,570.2036,18,13,5,43.45148
A17024-18-53-cell 10,A17024-18-53,-cell 10,1,WT,WT_Ib,0,0,,,Ib,Ib,,59.6225,21.15834,135.087975,60.862875,73.348655,26.669075,52.4693375,0,67.665,48.00188,1.3550385,993.88,152.411425,5.25,65,74.2250925,1801.757,-65.854,,131.985,28.70746,321.1365,160.2564,158.7302,405.04,73.33437,1.641412,482.18,89.64842,1.905281,429.6262,514.5486,33,26,7,34.35205
A17024-18-55-cell 8,A17024-18-55,-cell 8,2,OX,OX_Ib,0,1,not sure on class,,Ib,Ib,,69.3265,23.42733,117.079375,24.1493895,55.9202325,23.77844,0.21900425,0,3.625,8.61641825,0.05240575,638.045,139.33465,11,16,92.929955,256.5878,-87.58185,,132.731,28.55883,243.1218,94.69697,92.59259,22.34,11.30148,0.09734,474.84,78.33422,1.832175,114.4826,258.4764,38,18,20,83.7165
A17024-18-55-cell 12,A17024-18-55,-cell 12,2,OX,OX_Ib,0,1,,,Ib,Ib,,25.8735,29.65093,105.5526825,47.4252725,64.0925525,24.2259775,0.2198025,0,103.52,108.1196,2.0680785,763.755,171.55995,3,40.75,58.127425,4046.78175,-92.986975,,132.033,22.42086,271.1574,108.9325,104.1667,598.84,142.7051,2.370587,603.92,132.8702,2.402595,524.2297,539.933,13,12,1,24.6936
A17024-18-55-cell 23,A17024-18-55,-cell 23,2,OX,OX_Ib,0,1,,,Ib,Ib,,63.767,15.7698875,92.592,38.4,63.8300625,14.890635,0.203501,0,8.0205,14.238,0.178549,622.66,121.451,6,28,65.970515,592.331025,-94.4032,,208.703,10.95146,249.6508,85.47009,80.5153,514.7,100.0674,2.063866,615.72,128.7256,2.419975,243.3115,427.925,16,9,7,9.366585
A17024-18-60-cell 6,A17024-18-60,-cell 6,1,WT,WT_Ib,0,0,,,Ib,Ib,,90.4815,30.03328,219.671425,115.93505,129.23975,30.629605,102.1646625,0,58.82,50.4470275,1.1946805,1003.275,167.097325,10.5,121,103.73637,2897.59975,-81.305125,,206.819,9.943372,257.210135,173.611111,175.438596,413.3,71.422756,1.651199,449.46,72.689963,1.769742,389.762752,431.088787,41,37,4,31.160969
A17024-18-60-cell 9,A17024-18-60,-cell 9,1,WT,WT_Ib,0,0,,,Ib,Ib,,84.4985,30.6359575,222.301275,143.084975,153.231175,22.7952675,134.695,0,32.19,28.8588475,0.6315895,999.97,189.735975,14.25,148.25,79.2163225,1947.20625,-63.025175,,130.747,28.59027,265.9004,189.3939,181.1594,257.34,40.01954,1.02278,337.6,47.26408,1.268586,297.4297,330.7878,61,49,12,15.44461
A17024-18-60-cell 10,A17024-18-60,-cell 10,1,WT,WT_Ib,0,0,,,Ib,Ib,,62.7675,20.3247775,153.395475,94.0371225,100.738285,17.0903725,86.694295,0,11.72,11.115595,0.2278185,998.46,115.7855,11,96.75,59.3583575,1185.90475,-45.545975,,96.661,27.29108,247.0013,165.0165,165.0165,224.16,31.13071,0.873865,300.76,36.93341,1.159271,268.7106,306.2956,52,44,8,8.176806
A17024-18-60-cell 13,A17024-18-60,-cell 13,1,WT,WT_Ib,0,0,,,Ib,Ib,,63.8655,11.255175,154.701575,84.18255,92.0315375,19.5589575,77.3449325,0,6.365,8.4817075,0.1144685,998.85,78.0356875,12,86.75,70.519035,982.1478,-47.784475,,138.664,10.86995,272.5801,140.056,137.741,28.46,47.89329,1.222737,371.56,54.48726,1.455887,230.004,254.1044,41,36,5,19.53774
A17024-18-60-cell 14,A17024-18-60,-cell 14,1,WT,WT_Ib,0,0,not sure on class,,Ib,Ib,,65.5605,21.212845,192.59995,83.7594475,101.57185,34.908465,73.58531,0,29.555,22.6407375,0.58388975,996.3,139.54305,8.75,90.75,108.8405075,1750.128,-92.49665,,167.47,21.18118,220.4684,173.6111,171.8213,25.38,7.724053,0.093594,382.66,48.94458,1.491941,266.6882,464.657,47,32,15,24.83687
A17024-18-61-cell 1,A17024-18-61,-cell 1,3,Pirc,Pirc_Ib,1,0,,,Ib,Ib,,27.6415,10.3627775,83.3823775,46.4373675,51.7009325,12.2075075,40.24322,0,39.955,33.646385,0.807037,993.155,148.763975,5.25,48.25,36.94501,864.073925,-33.759575,,7.522,10.14835,162.828,128.2051,128.2051,65.82,11.87945,0.257956,528,42.80231,2.341562,197.6764,267.9682,13,8,5,91.465
A17024-18-61-cell 7,A17024-18-61,-cell 7,3,Pirc,Pirc_Ib,1,0,,,Ib,Ib,,36.9875,10.7810975,61.9991575,33.4415675,37.69135,10.18089325,25.1401425,0,37.665,23.3227225,0.817715,981.355,67.06749,4.25,34.25,28.557585,800.26215,-30.5619,,200.575,21.41809,164.3263,84.60237,79.74482,330.66,37.09864,1.30589,436.54,46.11732,1.765309,152.8209,202.6195,22,16,6,24.4339
A17024-18-61-cell 8,A17024-18-61,-cell 8,3,Pirc,Pirc_Ib,1,0,,,Ib,Ib,,27.9285,8.60058225,84.0896,37.848175,45.2481025,15.1362075,24.27749,0,20.315,18.7432875,0.80125025,982.005,62.0480975,6,39.25,46.24143,884.04305,-47.414775,,185.142,10.87123,111.8338,89.60574,81.69935,135.42,26.6046,1.130997,437.24,38.24972,1.746182,142.4725,204.7684,28,17,11,26.71265
A17024-18-61-cell 12,A17024-18-61,-cell 12,3,Pirc,Pirc_Ib,1,0,,,Ib,Ib,,55.3945,16.906065,192.468525,80.0022225,95.6420525,30.5810875,74.695995,0,4.93,10.69926375,0.0726225,998.9,103.6617325,13.25,86.5,112.4663225,1374.223,-77.17325,,202.71,11.86304,115.0636,131.2336,112.6126,8.8,4.688872,0.0819,327.02,26.45396,1.259622,148.1277,225.3932,47,27,20,30.83199
A17024-18-62-cell 1,A17024-18-62,-cell 1,3,Pirc,Pirc_Ib,1,0,,,Ib,Ib,,41.9065,11.663505,87.3820475,55.33002,57.9879675,7.93088825,50.3746875,0,8.11,10.865615,0.16107,990.845,63.6451625,8.5,56.5,32.0520275,621.51745,-22.58395,,130.267,19.54631,227.2622,105.4852,98.61933,10.92,8.405314,0.047268,205.3,21.11855,0.786359,98.56959,139.7989,47,32,15,14.41055
A17024-18-62-cell 6,A17024-18-62,-cell 6,3,Pirc,Pirc_Ib,1,0,,,Ib,Ib,,22.0105,10.9150825,85.8967175,51.410575,56.27348,16.02181425,45.44837,0,10.615,11.206045,0.21224275,990.98,68.57207,8,52.75,34.486145,648.2959,-24.9153,,127.02,27.98088,240.8941,106.1571,104.1667,12.4,8.714083,0.049696,253.34,28.73725,0.962396,101.9157,148.5648,46,28,18,-26.0816
A17024-18-62-cell 7,A17024-18-62,-cell 7,3,Pirc,Pirc_Ib,1,0,,,Ib,Ib,,77.4795,32.045285,67.4937125,41.8932475,45.2114925,7.9802475,35.9853325,0,9.5,13.511525,0.18002625,986.055,187.150975,6.25,43,25.6004625,523.489325,-22.8991,,158.501,19.64126,161.8878,49.75124,41.66667,302.2,44.40642,1.574105,513.3,62.16087,2.047886,109.467,142.4842,13,5,8,8.055539
A17024-18-62-cell 9,A17024-18-62,-cell 9,3,Pirc,Pirc_Ib,1,0,,,Ib,Ib,,35.3445,12.3647425,100.2585875,57.92392,62.8568325,11.7995425,53.1668575,0,7.16,13.614255,0.12894175,994.635,78.543185,9,59.25,42.334675,684.301125,-30.60205,,164.105,19.51056,175.0866,94.16196,87.26004,13.16,9.524489,0.033727,274.38,28.29014,1.058875,89.67186,136.3443,43,27,16,23.83847
A17024-18-62-cell 11,A17024-18-62,-cell 11,3,Pirc,Pirc_Ib,1,0,,,Ib,Ib,,29.4705,12.54204625,88.4475175,45.665215,50.8956825,12.0219425,37.428825,0,11.075,12.4290225,0.270199,990.825,79.20699,7.5,47.25,42.7823075,712.656325,-34.968525,,157.244,20.16517,185.629,73.74631,64.85084,17.48,9.668909,0.082352,212.58,21.34285,0.789202,68.37237,91.01676,39,24,15,14.2225
A17024-18-62-cell 12,A17024-18-62,-cell 12,3,Pirc,Pirc_Ib,1,0,,,Ib,Ib,,47.8445,16.9085275,112.2737925,67.1752,71.311305,12.944285,60.5990925,0,8.79,12.232915,0.173246,995.005,101.178445,10,68,45.0985925,713.427025,-34.5024,,160.903,19.22566,169.8281,99.20635,88.65248,13.74,8.108889,0.049599,266.74,25.29102,1.043893,98.7082,139.0407,44,28,16,25.46004
A17024-18-62-cell 13,A17024-18-62,-cell 13,3,Pirc,Pirc_Ib,1,0,,,Ib,Ib,,59.58675,16.090985,118.84884,48.4789075,54.3243075,21.3681075,44.2249925,0,8.255,12.7074975,0.15478725,993.9,93.6117775,7.5,47.25,70.3699175,942.000875,-42.3754,,7.356,11.91865,98.49984,76.80492,77.51938,95.2,10.39939,0.398576,361.58,24.73078,1.422221,98.15633,162.6346,26,16,10,63.12174
A17024-18-62-cell 19,A17024-18-62,-cell 19,3,Pirc,Pirc_Ib,1,0,,,Ib,Ib,,69.0635,30.914365,56.854305,44.4096275,47.434575,9.3785205,38.9060375,0,30.045,30.894205,0.595721,998.455,188.306,4.5,44.75,12.44467625,568.9113,-25.4502,,184.562,12.13264,126.9698,38.13883,21.53316,17.06,10.13429,0.075993,561.12,62.69985,2.239083,33.51171,-221.467,19,6,13,7.102202
A17024-18-65-cell 5,A17024-18-65,-cell 5,1,WT,WT_Ib,0,0,,,Ib,Ib,,26.1495,30.3670725,69.1483075,38.438655,40.25676,9.083744,28.076835,0,8.705,15.0113575,0.157048,994.725,204.17885,8,39,27.709655,501.197025,-27.658675,,68.292,30.37115,268.2873,47.89272,40.95004,458.56,78.99683,1.845107,572.48,108.9365,2.277766,123.3137,192.5057,12,6,6,11.10096
A17024-17-04 -cell 21,A17024-17-04,-cell 21,2,OX,OX_Ib,0,1,,,Ib,Ib,,49,10.76,101.01,37.369,44.64,14.86,31.92,0,32.66,11.52,0.1913,975.78,69.933,11,40,63.64,829,-36.7061,,15.237,10.80175,76.1195,82.101,74.07,119.8,10.6945,0.482889,275.06,11.64,1.07,105.9014,133.144,34,24,10,57.36
A17024-17-04 -cell 12,A17024-17-04,-cell 12,2,OX,OX_II,0,1,,12,II,1.5,,44.6821,9.722115,57.3574935,37.462595,39.85262625,9.66511225,32.478359,0,15.14,18.86,0.29,995,100.6437943,8,38,23.83,559.667,-25.78485825,,205.7582,11.630367,126.401627,45.48,41.83,65.6,15.121,0.2534,315.516,36.268182,1.44565,59.228165,86.86476,23,14,9,11
A17024-17-04 -cell 13,A17024-17-04,-cell 13,2,OX,OX_II,0,1,,13,II,1.5,,41.5993,10.49823,86.288629,45.1224505,47.168465,8.18945625,40.48523225,0,13.672,16.30449975,0.30539175,992.78,100.2880885,8,45.25,41.166178,666.8712753,-19.23739775,,211.9602,10.617054,123.66159,59.354226,55.555556,379.372,40.273672,1.452665,459.752,46.987295,1.736479,118.607031,144.185149,16,12,4,23.310397
A17024-17-04 -cell 17,A17024-17-04,-cell 17,2,OX,OX_II,0,1,,17,II,II,,34.9244,10.42152775,64.8542155,32.60756525,37.62196325,10.80162025,31.855669,0,5.76,13.56298725,0.1464295,982.108,106.3376945,6,34.25,32.24665,331.3825098,-27.2337225,,130.2263,30.528976,283.620191,66.773504,55.407801,68.744,16.387926,0.259778,241.188,33.725302,0.915296,74.731325,93.796267,25,18,7,20.270528
A17024-17-04 -cell 20,A17024-17-04,-cell 20,2,OX,OX_II,0,1,,20,II,0,,38.2231,10.9268855,206.047677,131.4575973,138.4886778,22.68034575,117.228434,0,5.4745,12.2218755,0.14112875,998.84,107.8314233,19,133.5,74.59008025,905.2070108,-61.0378595,,133.4984,29.94727,284.907746,219.298246,194.70405,1.556,2.14826,0.007703,51.696,3.31689,0.19447,210.052762,238.051317,97,72,25,16.693376
A17024-17-04 -cell 8,A17024-17-04,-cell 8,2,OX,OX_II,0,1,,8,II,II,,53.591,10.9534865,95.565,46.09,52.24,14.01,37.53,0,15.86,16.42,0.3087,981.52,139,8,49,49.47,738.73,-41,,222.7527,11.188587,142.369592,75.48,62.94,273.436,45.30817,1.04,431.144,60.949156,1.62699,111.84,151.54,27,15,12,16.9
A17024-17-08 -cell 1,A17024-17-08,-cell 1,2,OX,OX_II,0,1,,,II,Ia,,36.0142,12.3755,86.49754467,32.23820633,59.44926867,92.979882,45.98951,0,5.072,10.11591433,0.127570667,998.736,112.3439873,9,49,54.25933867,637.5125513,-61.530604,,3.6914,12.84,95.44373,60.916,57.077626,8.06,5.029949,0.038211,14.52,6.390381,0.044696,33.72209,43.26758,41,31,10,7.104291
A17024-17-08 -cell 3,A17024-17-08,-cell 3,2,OX,OX_II,0,1,,,II,II,,40.1925,10.6523675,121.2373805,70.23766875,84.13651575,47.95224625,59.35950125,0,12.512,14.166295,0.26968175,995.016,103.7035958,11.25,73.25,50.99971175,854.6132935,-26.6453145,,208.3203,10.45252,120.332265,86.805556,74.404762,32.392,8.700168,0.132758,162.836,10.993829,0.618903,111.095988,113.839016,47,26,21,4.973862
A17024-17-08 -cell 4,A17024-17-08,-cell 4,2,OX,OX_II,0,1,,,II,Ia,,45.0679,11.48161525,131.6312478,59.308795,66.2960315,17.41523025,56.2316085,0,3.064,8.22414225,0.0788045,997.088,113.309062,13.5,61.5,72.32245275,497.3685695,-34.08095725,,204.6721,10.152639,131.463909,106.292517,99.206349,25.776,9.076825,0.10652,228.412,19.200911,0.858626,117.396793,137.722269,47,30,17,49.502848
A17024-17-15 aff 1,A17024-17-15,aff 1,4,POX,POX_II,1,1,,,II,II,,66.3035,13.58553125,52.4479305,31.94122425,38.409936,17.18762625,28.08592625,0,12.648,13.484288,0.25219025,979.432,100.5398543,4.75,34.25,20.50670625,415.2261155,-23.69230925,,231.61,12.364658,132.705688,90.57971,49.13522,17.268,8.158897,0.064098,372.976,34.245855,1.474163,81.987746,122.535558,21,14,7,32.343288
A17024-17-15 aff 3,A17024-17-15,aff 3,4,POX,POX_II,1,1,,,II,0,,40.5905,12.9282785,43.6381035,7.620679,23.858146,21.03710775,4.42784575,0,41.6555,32.53821625,1.058114,929.932,99.3650215,4,12,22.82947675,450.3177838,-33.100952,,169.348,21.522268,232.546115,42.087542,45.487627,298.068,42.705611,1.202248,112.672,11.474499,0.412529,78.113236,58.808002,13,8,5,34.771893
A17024-17-15 aff 5,A17024-17-15,aff 5,4,POX,POX_II,1,1,,,II,II,,46.3845,10.331035,91.87472675,46.44425225,47.95010875,21.18075325,20.693283,0,72.5,41.505979,1.4418725,982.92,86.62355225,3.25,38,45.43047425,1669.937264,-50.1045105,,211.595,12.041251,134.418309,54.253472,56.766576,596.54,77.769079,2.406855,187.224,15.663864,0.698862,358.021188,101.042015,6,10,-4,7.646463
A17027-17-16 aff 10,A17027-17-16,aff 10,4,POX,POX_II,1,1,,,II,II,,61.9575,11.6787645,52.7298705,26.914111,28.888668,7.43680925,19.4978215,0,6.896,9.072826,0.13669625,977.304,84.708342,6,26.5,22.644725,398.2349093,-19.47562925,,222.633,11.608269,122.652328,43.767507,44.9964,165.916,16.561637,0.669855,251.576,19.135527,0.972819,72.088007,77.144397,16,14,2,18.329982
A17027-17-16 aff 2,A17027-17-16,aff 2,4,POX,POX_II,1,1,,,II,II,,52.6575,12.343382,77.19434075,41.53243425,44.049554,10.79126025,36.87015275,0,4.508,7.20234,0.080713,994.14,88.8658055,9,41,35.66190625,311.1954405,-23.59893525,,186.406,21.40805,194.557548,80.43758,69.6767,69.828,13.277115,0.277695,253.696,27.081959,0.980973,41.352435,81.201416,32,13,19,41.298571
A17027-17-16 aff 4,A17027-17-16,aff 4,4,POX,POX_II,1,1,,,II,II,,63.9465,12.942705,75.5189315,37.3946235,43.35680775,13.38721475,28.67069525,0,12.428,11.60935275,0.24124475,981.828,90.85223625,7,39,38.12430775,570.0341103,-30.637552,,194.98,21.236932,189.073837,65.104167,0,104.34,15.319007,0.408846,459.184,59.921175,1.817538,53.025847,0,7,1,6,63.171755
A17024-17-17 aff 7,A17024-17-17,aff 7,4,POX,POX_II,1,1,,,II,II,,65.3875,9.99184125,58.0928065,33.945194,37.90242475,8.620968,23.27560775,0,82.336,45.16922575,1.638418,991.34,105.6412023,3,35.25,24.1476125,1276.444467,-25.24294325,,240.543,10.602453,153.905964,57.550645,54.395126,361.804,51.000425,1.467836,449.432,43.786654,1.77942,167.783742,154.494425,10,11,-1,10.309526
A17024-17-18 aff 8,A17024-17-18,aff 8,4,POX,POX_II,1,1,,,II,II,,43.722,9.588627667,144,70.62,79.06,20.10757567,62.00397,0,28.53,7.47,0.082373333,989.76,111.154413,11,74,77.917947,853.30325,-50,,9.32,11.831263,176.648819,109.64,104.69,9.89,3.440121,0.034378,246.616,20.668989,0.956004,115.410659,204.112578,47,29,18,27.468137
A17024-17-19 aff 1,A17024-17-19,aff 1,4,POX,POX_II,1,1,,,II,II,,45.3695,12.83822725,96.46290925,28.829598,41.25866925,32.27253975,11.374207,0,27.984,20.7957765,0.55560425,937.984,101.4417465,6.25,27.25,67.633311,662.9961313,-49.32451325,,139.838,32.512697,290.145159,58.51,57.74,79.7,16.580642,0.341809,312.192,47.99243,1.218503,80.176537,38.790193,20,13,7,304.010761
A17024-17-19 aff 5,A17024-17-19,aff 5,4,POX,POX_II,1,1,,,II,Ib,,46.585,12.17638025,46.6995615,12.70210475,21.9284275,11.05303825,6.339305,0,75.76,42.1949215,1.479753,979.04,105.2774183,3,15.5,33.99745675,981.1631733,-37.1006105,,233.213,12.187474,141.72945,39.013733,27.593819,429.884,48.968298,1.741225,502.584,55.844439,1.997115,103.277046,117.890948,9,6,3,25.659032
A17024-17-19 aff 6,A17024-17-19,aff 6,4,POX,POX_II,1,1,,,II,II,,46.1295,12.361867,100.3915453,32.9448815,38.346564,17.69628425,14.685699,0,24.152,18.09401025,0.47743525,981.456,100.3094548,7,32.5,67.446664,912.3785313,-37.954806,,205.156,11.279591,139.242268,53.25,55.39,150.379,15.23,0.61,426.928,43.260889,1.688047,85.030987,147.696958,24,15,9,58.306574
A17024-17-19 aff 7,A17024-17-19,aff 7,4,POX,POX_II,1,1,,,II,II,,113.664,11.8127405,0,0.20481675,0.187631,0,0.20481675,0,147.908,122.8368673,2.92069875,21.408,122.8368673,0,0,0,0,0,,173.376,32.728928,322.703767,67.421791,58.193669,568.132,157.329947,2.293521,604.112,160.659999,2.401325,309.667203,303.907462,9,7,2,25.503615
A17024-17-21 aff 2,A17024-17-21,aff 2,4,POX,POX_II,1,1,,,II,II,,57.8035,10.96744425,49.10049875,17.2630375,16.14127675,12.2292745,4.96380925,0,27.6975,22.83592075,0.66973175,952.7815,128.2847115,4,17,31.858625,525.1968128,-24.448221,,275.16,11.350427,181.92327,35.250987,33.875339,437.62,55.525454,1.768413,435.008,50.686236,1.718517,104.730007,108.607317,9,7,2,33.672548
A17024-17-21 aff 5,A17024-17-21,aff 5,4,POX,POX_II,1,1,,,II,II,,39.0745,12.66692625,121.0170813,72.42538525,78.18047225,13.895335,67.05339075,0,69.448,47.65530325,1.37744775,993.044,149.5725715,5,75.25,48.59169575,1863.570194,-35.10081925,,197.048,11.922988,198.481965,107.388316,104.166667,449.492,61.108002,1.808576,526.656,73.808643,2.081327,301.134128,384.670538,21,15,6,37.242413
A17024-18-39-cell 3,A17024-18-39,-cell 3,3,Pirc,Pirc_II,1,0,,,II,II,,59.6205,11.915302,122.1348318,73.4263985,76.045085,11.7136215,66.54136475,0,22.94,17.48874725,0.48626875,999.135,85.12780975,10,73.5,48.7084335,1100.130965,-31.25340175,,148.252,30.026127,299.171805,116.550117,108.932462,12.72,9.674096,0.061654,168.88,19.828212,0.642444,94.727137,133.64181,64,42,22,13.817608
A17024-18-39-cell 4,A17024-18-39,-cell 4,3,Pirc,Pirc_II,1,0,,,II,II,,50.9355,11.0774075,83.9049225,49.24514875,54.081762,11.50507275,41.6318445,0,49.58,26.39515175,1.01550375,989.01,84.64830325,5,50.75,34.6597735,1119.861649,-32.43886175,,108.629,28.659796,284.275603,84.602369,74.074074,269,39.186592,1.090199,327.72,44.681938,1.279242,142.508498,136.544274,30,23,7,2.289797
A17024-18-39-cell 6,A17024-18-39,-cell 6,3,Pirc,Pirc_II,1,0,,,II,II,,43.0325,13.97953075,42.03510475,20.546804,43.39273175,60.6929165,20.2733505,0,11.595,12.85032475,0.263999,974.755,112.6747753,3.75,25.75,21.48830125,286.709274,-24.13366275,,166.052,20.893226,236.089063,46.554935,34.867503,329.24,46.570243,1.335516,119.82,11.659585,0.421515,120.497426,56.94186,12,9,3,0.514419
A17024-18-40-cell 1,A17024-18-40,-cell 1,3,Pirc,Pirc_II,1,0,,,II,II,,65.8275,20.82183875,109.3725473,39.49044725,46.95058375,20.32986825,26.0331705,0,43.61,34.1526715,0.8939595,992.46,187.5113678,6.25,40.75,69.88209975,1218.246646,-41.32227,,170.21,21.454989,267.419004,85.910653,84.175084,253.46,35.144706,1.024338,375.66,49.895109,1.480612,151.82815,227.925413,27,17,10,85.064114
A17024-18-40-cell 12,A17024-18-40,-cell 12,3,Pirc,Pirc_II,1,0,,,II,II,,76.8975,20.15301725,149.0688115,28.5068605,45.758139,42.5519895,26.7,0,79.595,69.8491335,1.61496525,970.11,179.5736298,4.75,27.75,120.561951,2815.809529,-93.5585495,,213.83,11.687606,177.330375,73.746313,75.414781,463.46,63.306922,1.874235,582,85.71893,2.322991,243.193142,395.486055,12,8,4,72.990421
A17024-18-40-cell 13a,A17024-18-40,-cell 13a,3,Pirc,Pirc_II,1,0,,,II,II,,12.287,11.19075967,141.242938,47.898235,51.48280167,25.56959633,42.014185,0,37.26,26.26092767,0.777745333,992.98,115.160577,7.333333333,42,93.34470267,1450.336091,-40.411704,,10.476,12.128279,129.103887,85.470085,83.333333,156.4,15.530094,0.627426,412.46,36.014896,1.629009,131.460075,222.523896,31,18,13,84.143558
A17024-18-40-cell 16,A17024-18-40,-cell 16,3,Pirc,Pirc_II,1,0,,,II,II,,41.1175,9.61270175,158.4439215,78.996039,89.17404375,23.09809825,67.2888195,0,13.765,15.810015,0.30009625,995.285,104.8566748,12.25,82.25,79.4478825,1222.49659,-65.82959975,,105.725,27.540272,334.505343,166.666667,158.730159,128.84,19.951377,0.522329,268.2,38.254417,1.053685,253.379809,289.552411,56,46,10,17.487221
A17024-18-40-cell 18,A17024-18-40,-cell 18,3,Pirc,Pirc_II,1,0,,,II,II,,60.4535,9.22199375,59.84133525,31.11920425,36.27665125,10.5627185,25.99630275,0,32.94,23.38494775,0.68319275,980.155,103.483422,5,33,28.722131,626.7126378,-30.87276825,,25.024,11.748146,123.832345,51.92108,45.167118,209.82,19.679872,0.84898,353.26,27.525554,1.389154,76.597285,94.814721,19,13,6,1.568613
A17024-18-40-cell 2,A17024-18-40,-cell 2,3,Pirc,Pirc_II,1,0,,,II,II,,67.7875,23.08174225,142.380828,52.02752225,59.849949,28.758292,43.6117545,0,64.51,54.6666935,1.315027,991.4,211.1551988,7.25,51.5,90.3533055,2151.252628,-54.4578945,,169.724,21.924596,303.427553,122.54902,116.550117,265.22,42.443032,1.076728,422.88,69.019969,1.66736,193.535072,321.073336,34,22,12,119.876456
A17024-18-40-cell 9,A17024-18-40,-cell 9,3,Pirc,Pirc_II,1,0,,,II,II,,50.7925,11.72576775,100.7681408,55.862136,59.71777475,11.5729065,50.20987875,0,34.075,23.21165175,0.71204275,994.82,114.5533088,7,56.75,44.906005,794.3320968,-29.33375525,,150.736,29.242187,378.374362,103.519669,102.880658,91.02,17.270962,0.362934,275.98,41.587657,1.070084,141.873728,194.425781,42,27,15,10.673839
A17024-18-42-cell 6,A17024-18-42,-cell 6,1,WT,WT_II,0,0,,,II,II,,63.5855,14.3065675,130.318325,57.8939925,63.79814,18.633585,45.8371,0,9.585,11.3486025,0.18858325,992.05,95.918505,14,58.25,72.42433,895.544325,-47.88085,,187.691,21.71457,228.1392,111.1111,105.4852,8.9,5.113293,0.016865,144.84,16.09817,0.545331,58.54865,115.8148,69,44,25,24.05531
A17024-18-42-cell 7,A17024-18-42,-cell 7,1,WT,WT_II,0,0,,,II,II,,252.7385,11.137211,113.400175,35.073845,43.7039475,24.5174425,13.80343075,0,7.125,11.545223,0.129457,990.94,96.38814,11,35.25,78.32632,314.413675,-52.5576,,182.524,21.79429,229.5954,123.4568,115.7407,11.46,7.502589,0.057742,79.54,7.811154,0.275099,85.86949,145.5744,57,40,17,96.67015
A17024-18-53-cell 2,A17024-18-53,-cell 2,1,WT,WT_II,0,0,spontaneous firing in trianges,,II,II,,34.7265,11.3792595,165.8416,105.687025,112.865375,17.8040775,95.799735,0,5.285,9.60321,0.0957025,1001.175,89.0559675,15,108.75,60.154555,705.488575,-50.757525,,211.472,10.27909,122.9728,142.4501,128.2051,8.24,4.054971,-0.01441,115.56,8.322102,0.432005,126.3703,172.3444,70,46,24,17.13686
A17024-18-53-cell 11,A17024-18-53,-cell 11,1,WT,WT_II,0,0,manual fix time b/c spontaneous firing,,II,II,,59.7155,16.9287525,85.1226875,47.70824,52.077255,10.96452825,42.640285,0,6.93,5.143631,0.0707925,996.58,124.700965,9,49.25,37.4144475,368.25775,-30.53795,,208.047,10.82968,125.9366,66.13757,59.31198,14.56,4.926835,0.061996,268.64,21.01081,1.040184,45.43312,62.85384,37,18,19,15.16917
A17024-18-55-cell 16,A17024-18-55,-cell 16,2,OX,OX_II,0,1,,,II,II,,48.37,11.52042333,84.73127,48.67214333,54.66975667,12.0339,53.770473,0,9.085,12.84374333,0.146124333,742.32,83.39311667,9,36.66666667,36.05912,463.9432333,-47.08566667,,164.695,10.12408,243.800998,89.12656,81.300813,458.4,81.591545,1.847006,548.98,101.458345,2.170111,171.059241,234.303154,20,14,6,19.970266
A17024-18-60-cell 3,A17024-18-60,-cell 3,1,WT,WT_II,0,0,,,II,II,,45.4305,13.24786,131.3855,71.7685975,84.08336,32.12539,64.118235,0,4.49,7.5015505,0.07662775,995.115,80.00623,12,76.5,59.6169375,599.1004,-45.390325,,209.499,11.65474,131.6986,102.8807,93.10987,7.96,2.866545,0.076486,216.8,19.82923,0.825231,63.75021,122.6912,56,34,22,15.36759
A17024-18-60-cell 4,A17024-18-60,-cell 4,1,WT,WT_II,0,0,,,II,II,,61.0895,17.8234675,153.8444,45.2911625,57.2806475,28.917105,34.449615,0,24.48,16.5917,0.4881555,980.26,97.9100425,10,47,108.553275,1305.179,-69.507975,,149.508,27.05091,242.7797,58.89282,52.4109,74.68,14.96235,0.298864,277.52,33.66914,1.078997,44.94179,77.29644,24,18,6,57.89397
A17024-18-60-cell 15,A17024-18-60,-cell 15,1,WT,WT_II,0,0,,,II,II,,67.7595,18.915225,156.5322,108.221475,113.1752,16.259455,99.45166,0,5.945,9.8532235,0.118423,999.57,123.328675,15,110.25,48.3107125,769.13025,-36.11975,,135.793,33.42,327.2647,146.1988,135.5014,7.32,5.433723,0.05573,124.54,10.75177,0.461193,121.0534,167.9336,80,57,23,9.586809
A17024-18-60-cell 16,A17024-18-60,-cell 16,1,WT,WT_II,0,0,,,II,II,,42.3135,13.6792425,107.33004,53.8750225,62.90966,23.0127375,45.93763,0,19.985,14.4990225,0.395634,993.375,94.1618775,7,55.5,53.455005,881.677025,-54.677625,,145.235,18.62612,295.6899,185.1852,203.252,20.48,8.360737,0.089895,343.32,50.19138,1.41324,179.6974,413.7101,34,30,8,-9.59957
A17024-18-60-cell 19,A17024-18-60,-cell 19,1,WT,WT_II,0,0,,,II,II,,42.1225,11.2168925,95.656405,64.6818525,67.5935425,20.7256525,54.53535,0,4.87,9.1526225,0.09242675,997.88,83.1833025,11,63,30.9745525,160.0702,-29.553475,,8.84,9.876,91.95,73.09942,65.876,4.52,1.763795,0.008364,147.66,7.40179,0.29139,42.44,94.5293,55,22,33,34.49939
A17024-18-60-cell 23,A17024-18-60,-cell 23,1,WT,WT_II,0,0,,,II,II,,39.8875,13.043735,134.412975,83.1403275,87.8827175,15.9896125,75.6983425,0,8.53,11.32231,0.155426,995.09,91.4877525,11,83.75,51.2726425,891.23825,-43.7157,,7.855,12.35538,105.8059,110.3753,100.4016,21.36,5.419651,0.099838,327.94,21.33578,1.30101,122.4417,169.4054,49,30,19,17.15043
A17024-18-61-cell 4,A17024-18-61,-cell 4,3,Pirc,Pirc_II,1,0,,,II,II,,47.0475,15.8561075,110.65215,64.4689825,70.81557,13.90311,56.212915,0,14.135,10.8597925,0.294629,994.035,83.83557,9.75,67,46.18319,871.5158,-41.123175,,193.925,10.10361,91.27517,85.91065,80.5153,34.64,7.672639,0.14724,254.16,14.98257,0.988744,107.1016,144.0743,36,24,12,18.43427
A17024-18-61-cell 17,A17024-18-61,-cell 17,3,Pirc,Pirc_II,1,0,,,II,II,,56.1105,9.37377175,263.8459,119.81062,150.31995,38.3616575,112.89725,0,7.835,10.2153065,0.15736575,1000.725,73.0424025,18.75,139,144.035325,1712.35475,-106.495,,7.792,10.09995,86.489,181.1594,160.2564,10.08,3.516944,0.035681,168.52,8.441659,0.641549,186.7182,257.2137,70,45,25,26.83843
A17024-18-61-cell 18,A17024-18-61,-cell 18,3,Pirc,Pirc_II,1,0,,,II,II,,61.5035,11.451435,82.006115,43.8688825,48.6897875,12.0799025,33.713685,0,6.96,10.519948,0.134564,989.68,79.03936,9,44.75,38.137235,496.92615,-36.7073,,14.178,10.01943,86.65757,57.47126,53.24814,25.48,5.407693,0.104071,435.74,29.52312,1.755934,66.6229,133.9231,27,13,14,18.25706
A17024-18-62-cell 15,A17024-18-62,-cell 15,3,Pirc,Pirc_II,1,0,,,II,II,,41.1855,11.9224825,104.823875,62.8172175,68.0387475,12.933515,53.61219,0,6.92,11.022195,0.14037375,995.79,82.0032375,11,64.25,42.0066625,543.2062,-38.135025,,7.579,8.775689,82.61762,74.73842,68.87052,12.36,4.332338,0.045261,170.26,8.078007,0.651897,46.42852,80.57292,44,27,17,15.21461
A17024-18-62-cell 16,A17024-18-62,-cell 16,3,Pirc,Pirc_II,1,0,,,II,II,,40.4565,10.8119075,106.33585,61.5159225,66.5733375,12.8625575,53.4489925,0,9.41,11.4361975,0.19159,995.085,77.11239,9.25,63,44.8199325,859.915625,-37.0242,,198.242,9.422929,101.463,85.91065,75.75758,15.98,6.071378,0.064651,260.82,19.46559,1.014254,90.22616,129.1636,40,25,15,20.0345
A17024-18-62-cell 18,A17024-18-62,-cell 18,3,Pirc,Pirc_II,1,0,,,II,II,,59.3005,15.8955475,113.8536,68.7013225,73.1653825,12.17297,61.430765,0,11.83,15.4046475,0.23260725,997.37,91.04586,9.5,70,45.1522725,855.57965,-33.68465,,211.699,9.492047,100.9987,89.60574,83.75209,27.9,8.969025,0.112337,173.98,12.78918,0.702471,93.48594,129.8677,42,28,14,7.503929
A17024-18-62-cell 22,A17024-18-62,-cell 22,3,Pirc,Pirc_II,1,0,,,II,II,,63.5745,21.3189125,122.37215,78.5447125,84.1669625,14.31612,68.7874075,0,8.06,15.8405375,0.1599205,996.015,122.662925,11.25,80.5,43.8274575,823.212475,-43.94215,,200.923,11.37076,113.8124,89.12656,78.98894,22.98,9.625096,0.095095,250.96,19.32193,0.971919,88.23257,131.6172,44,26,18,10.3018
A17024-18-65-cell 2,A17024-18-65,-cell 2,1,WT,WT_II,0,0,,,II,II,,66.6915,20.26387,113.67605,63.5273675,69.0769525,14.660885,55.06355,0,7.685,12.2056275,0.15576125,994.515,116.44925,10,64.75,50.1487025,701.89515,-41.80935,,11.418,11.15266,97.54145,67.47638,60.82725,133.72,13.37935,0.535803,285.2,18.5017,1.121471,78.15811,102.6717,30,19,11,5.747988
A17024-18-65-cell 4,A17024-18-65,-cell 4,1,WT,WT_II,0,0,,,II,II,,40.3755,11.4695225,121.22655,75.174325,79.8296,14.1234025,66.8848425,0,5.705,9.577858,0.09612725,997.02,77.2592475,12.75,77,46.052225,376.8611,-39.976125,,199.148,11.89395,119.0622,98.61933,91.57509,8.72,4.440943,0.029786,78.06,4.309427,0.260265,64.74816,101.6312,54,38,16,21.45884
A17024-18-65-cell 6,A17024-18-65,-cell 6,1,WT,WT_II,0,0,,,II,II,,62.6815,11.69791,121.7923,46.325105,52.0047075,18.09303,38.0452975,0,14.215,14.7928375,0.25738675,989.795,140.730025,10,46.75,75.4672225,872.8113,-41.676225,,2.617,12.23064,122.382,69.15629,63.85696,145.44,16.43578,0.582831,89.26,6.337612,0.317,89.38186,111.7694,28,16,12,59.57605
A17024-18-65-cell 8,A17024-18-65,-cell 8,1,WT,WT_II,0,0,,,II,II,,108.3565,30.6053075,126.793775,63.759165,66.508825,14.4538925,46.347945,0,6.67,14.6818075,0.115239,995.345,229.1136,11.25,62.5,63.0346275,964.391175,-34.199975,,1.018,10.99169,110.1241,79.74482,73.74631,194.36,22.39285,0.784427,357.24,32.0611,1.411478,106.2975,184.3621,23,14,9,41.86603
A17024-18-65-cell 9,A17024-18-65,-cell 9,1,WT,WT_II,0,0,,,II,II,,123.2475,29.08689,140.91865,58.32448,64.464375,18.569585,51.1236525,0,7.055,13.9291525,0.126553,995.505,180.5748,14,59.5,82.5941875,878.414125,-42.187475,,7.843,9.924176,114.9321,102.8807,93.10987,60.6,11.08209,0.210275,262.24,23.42911,1.028612,109.9606,159.4269,48,27,21,58.67199
A17024-18-65-cell 10,A17024-18-65,-cell 10,1,WT,WT_II,0,0,,,II,II,,53.972,10.6232125,120.782375,74.2703675,80.013,12.9915775,67.0153775,0,4.92,3.78786675,0.04574225,995.575,75.76182,13.25,76.75,46.5120275,404.3899,-35.758525,,5.81,9.641773,96.25898,93.10987,87.26004,7.34,4.02114,0.039804,71.4,3.473761,0.259387,56.12827,164.3897,57,43,14,14.49352
A17024-18-65-cell 11,A17024-18-65,-cell 11,1,WT,WT_II,0,0,,,II,II,,31.171,12.33992,155.7632,78.24726,86.90014,21.72732,70.02801,0,6.82,11.89346,0.0966,1000.7,86.7136,10,81,77.51598,814.9045,-56.8797,,4.891,9.422009,101.9432,108.2251,102.2495,12.18,6.397723,0.051427,217.84,15.46411,0.842129,88.79654,133.3022,48,30,18,23.64886